id|code|color|level|main_type|subtype|tissue|tumor_form|parent_id
1|MMB|Gray|3|Embryonal Tumor|Medullomyoblastoma|CNS/Brain|SOLID|347
2|GCB|LimeGreen|6|Mature B-Cell Neoplasms|Germinal Center B-Cell Type|Lymphoid|LIQUID|490
3|SBLU|LimeGreen|5|Mature B-Cell Neoplasms|Splenic B-Cell Lymphoma/Leukemia, Unclassifiable|Lymphoid|LIQUID|530
4|OHNCA|DarkRed|2|Head and Neck Cancer|Head and Neck Carcinoma, Other|Head and Neck|SOLID|303
5|PAOS|White|3|Bone Cancer|Parosteal Osteosarcoma|Bone|SOLID|631
6|TMDS|LightSalmon|5|Leukemia|Therapy-Related Myelodysplastic Syndrome|Myeloid|LIQUID|418
7|ARMS|LightYellow|3|Soft Tissue Sarcoma|Alveolar Rhabdomyosarcoma|Soft Tissue|SOLID|211
8|SCST|LightBlue|2|Sex Cord Stromal Tumor|Sex Cord Stromal Tumor|Ovary/Fallopian Tube|SOLID|557
9|ITLPDGI|LimeGreen|5|Mature T and NK Neoplasms|Indolent T-Cell Lymphoproliferative Disorder of the GI Tract|Lymphoid|LIQUID|243
10|MBC|HotPink|2|Breast Cancer|Metaplastic Breast Cancer|Breast|SOLID|799
11|AWDNET|SaddleBrown|3|Gastrointestinal Neuroendocrine Tumor|Well-Differentiated Neuroendocrine Tumor of the Appendix|Bowel|SOLID|399
12|AMLCBFBMYH11|LightSalmon|5|Leukemia|AML with inv(16)(p13.1q22) or t(16;16)(p13.1;q22);CBFB-MYH11|Myeloid|LIQUID|198
13|ROCY|Orange|4|Renal Cell Carcinoma|Renal Oncocytoma|Kidney|SOLID|380
14|LAM|Gainsboro|2|Non-Small Cell Lung Cancer|Pulmonary Lymphangiomyomatosis|Lung|SOLID|475
15|SBL|DarkRed|2|Sialoblastoma|Sialoblastoma|Head and Neck|SOLID|303
16|AWM|LightSalmon|5|Leukemia|AML without Maturation|Myeloid|LIQUID|601
17|AMLMRC|LightSalmon|4|Leukemia|AML with Myelodysplasia-Related Changes|Myeloid|LIQUID|527
18|CABC|Teal|2|Cervical Cancer|Cervical Adenoid Basal Carcinoma|Cervix|SOLID|80
19|PCGP|Gray|3|Sellar Tumor|Craniopharyngioma, Papillary Type|CNS/Brain|SOLID|26
20|SCCO|LightBlue|3|Ovarian Cancer|Small Cell Carcinoma of the Ovary|Ovary/Fallopian Tube|SOLID|168
21|LGT|Green|2|Lacrimal Gland Tumor|Lacrimal Gland Tumor|Eye|SOLID|280
22|GBM|Gray|4|Glioma|Glioblastoma Multiforme|CNS/Brain|SOLID|666
23|BL|LimeGreen|5|Mature B-Cell Neoplasms|Burkitt Lymphoma|Lymphoid|LIQUID|530
24|MFS|LightYellow|2|Soft Tissue Sarcoma|Myxofibrosarcoma|Soft Tissue|SOLID|683
25|AN|Black|2|Skin Cancer, Non-Melanoma|Atypical Nevus|Skin|SOLID|543
26|SELT|Gray|2|Sellar Tumor|Sellar Tumor|CNS/Brain|SOLID|644
27|AMOL|LightSalmon|5|Leukemia|Acute Monoblastic/Monocytic Leukemia|Myeloid|LIQUID|601
28|PERL|LightSalmon|5|Leukemia|Pure Erythroid Leukemia|Myeloid|LIQUID|601
29|AMLCEBPA|LightSalmon|5|Leukemia|AML with Biallelic Mutations of CEBPA|Myeloid|LIQUID|198
30|UASC|PeachPuff|3|Endometrial Cancer|Uterine Adenosquamous Carcinoma|Uterus|SOLID|687
31|LNM|LimeGreen|2|Lymphatic Cancer, NOS|Lymphoid Neoplasm|Lymphoid|LIQUID|258
32|PXA|Gray|3|Glioma|Pleomorphic Xanthoastrocytoma|CNS/Brain|SOLID|54
33|PMBL|LimeGreen|5|Mature B-Cell Neoplasms|Primary Mediastinal (Thymic) Large B-Cell Lymphoma|Lymphoid|LIQUID|530
34|BIALCL|LimeGreen|6|Mature T and NK Neoplasms|Breast Implant-Associated Anaplastic Large-Cell Lymphoma|Lymphoid|LIQUID|731
35|SRAP|SaddleBrown|3|Appendiceal Cancer|Signet Ring Cell Type of the Appendix|Bowel|SOLID|566
36|MIXED|Black|3|Cancer of Unknown Primary|Mixed Cancer Types|Other|SOLID|712
37|LXSC|DarkRed|3|Head and Neck Cancer|Larynx Squamous Cell Carcinoma|Head and Neck|SOLID|44
38|ADRENAL_GLAND|Purple|1|Adrenal Gland Cancer, NOS|Adrenal Gland|Adrenal Gland|SOLID|491
39|WM|LimeGreen|6|Mature B-Cell Neoplasms|Waldenstrom Macroglobulinemia|Lymphoid|LIQUID|534
40|RHM|Gray|3|CNS Cancer|Rhabdoid Meningioma|CNS/Brain|SOLID|750
41|WDLS|LightYellow|3|Soft Tissue Sarcoma|Well-Differentiated Liposarcoma|Soft Tissue|SOLID|313
42|PEMESO|Green|2|Mesothelioma|Peritoneal Mesothelioma|Peritoneum|SOLID|129
43|CNL|LightSalmon|4|Myeloproliferative Neoplasms|Chronic Neutrophilic Leukemia|Myeloid|LIQUID|185
44|HNSC|DarkRed|2|Head and Neck Cancer|Head and Neck Squamous Cell Carcinoma|Head and Neck|SOLID|303
45|BLLRGA|LimeGreen|4|B-Lymphoblastic Leukemia/Lymphoma|B-Lymphoblastic Leukemia/Lymphoma with Recurrent Genetic Abnormalities|Lymphoid|LIQUID|95
46|DESM|Black|3|Melanoma|Desmoplastic Melanoma|Skin|SOLID|453
47|OEC|LightBlue|3|Germ Cell Tumor|Embryonal Carcinoma|Ovary/Fallopian Tube|SOLID|84
48|SCLC|Gainsboro|3|Small Cell Lung Cancer|Small Cell Lung Cancer|Lung|SOLID|532
49|EMPSGC|Black|2|Skin Cancer, Non-Melanoma|Endocrine Mucin Producing Sweat Gland Carcinoma|Skin|SOLID|543
50|ACBC|HotPink|3|Breast Cancer|Adenoid Cystic Breast Cancer|Breast|SOLID|338
51|OPHSC|DarkRed|3|Head and Neck Cancer|Oropharynx Squamous Cell Carcinoma|Head and Neck|SOLID|44
52|CERMS|Teal|2|Cervical Cancer|Cervical Rhabdomyosarcoma|Cervix|SOLID|80
53|GCEMU|Teal|4|Cervical Cancer|Gastric Type Mucinous Carcinoma|Cervix|SOLID|830
54|ENCG|Gray|2|Glioma|Encapsulated Glioma|CNS/Brain|SOLID|644
55|PTLD|LimeGreen|3|Posttransplant Lymphoproliferative Disorders|Posttransplant Lymphoproliferative Disorders|Lymphoid|LIQUID|31
56|SUBE|Gray|3|CNS Cancer|Subependymoma|CNS/Brain|SOLID|832
57|SCGBC|Green|3|Hepatobiliary Cancer|Small Cell Gallbladder Carcinoma|Biliary Tract|SOLID|553
58|FIOS|White|3|Bone Cancer|Fibroblastic Osteosarcoma|Bone|SOLID|631
59|HGSOC|LightBlue|4|Ovarian Cancer|High-Grade Serous Ovarian Cancer|Ovary/Fallopian Tube|SOLID|547
60|THHC|Teal|2|Thyroid Cancer|Hurthle Cell Thyroid Cancer|Thyroid|SOLID|648
61|LUNE|Gainsboro|3|Non-Small Cell Lung Cancer|Large Cell Neuroendocrine Carcinoma|Lung|SOLID|532
62|MGUSIGG|LimeGreen|6|Mature B-Cell Neoplasms|IgG|Lymphoid|LIQUID|392
63|UPDC|PeachPuff|3|Endometrial Cancer|Poorly Differentiated Carcinoma of the Uterus|Uterus|SOLID|687
64|OGBL|LightBlue|3|Sex Cord Stromal Tumor|Gonadoblastoma|Ovary/Fallopian Tube|SOLID|8
65|CCPRC|Orange|4|Renal Cell Carcinoma|Clear Cell Papillary Renal Cell Carcinoma|Kidney|SOLID|380
66|PSC|Purple|3|Pancreatic Cancer|Serous Cystadenoma of the Pancreas|Pancreas|SOLID|464
67|RSCC|Orange|4|Renal Cell Carcinoma|Renal Small Cell Carcinoma|Kidney|SOLID|380
68|BCCA|Gray|3|Germ Cell Tumor|Choriocarcinoma|CNS/Brain|SOLID|238
69|SRCBC|Yellow|2|Bladder Cancer|Plasmacytoid/Signet Ring Cell Bladder Carcinoma|Bladder/Urinary Tract|SOLID|108
70|PEL|LimeGreen|5|Mature B-Cell Neoplasms|Primary Effusion Lymphoma|Lymphoid|LIQUID|530
71|CCS|LightYellow|2|Soft Tissue Sarcoma|Clear Cell Sarcoma|Soft Tissue|SOLID|683
72|UPA|Yellow|2|Bladder Cancer|Urothelial Papilloma|Bladder/Urinary Tract|SOLID|108
73|MFH|LightYellow|2|Soft Tissue Sarcoma|Undifferentiated Pleomorphic Sarcoma/Malignant Fibrous Histiocytoma/High-Grade Spindle Cell Sarcoma|Soft Tissue|SOLID|683
74|FIBS|LightYellow|2|Soft Tissue Sarcoma|Fibrosarcoma|Soft Tissue|SOLID|683
75|COM|HotPink|4|Breast Cancer|Carcinoma with Osseous Metaplasia|Breast|SOLID|776
76|BMGCT|Gray|3|Germ Cell Tumor|Mixed Germ Cell Tumor|CNS/Brain|SOLID|238
77|PVMF|LightSalmon|5|Myeloproliferative Neoplasms|Polycythaemia Vera Myelofibrosis|Myeloid|LIQUID|806
78|SCHW|Gray|3|Nerve Sheath Tumor|Schwannoma|Peripheral Nervous System|SOLID|242
79|BTBEOV|LightBlue|4|Ovarian Cancer|Brenner Tumor, Benign|Ovary/Fallopian Tube|SOLID|602
80|CERVIX|Teal|1|Cervical Cancer, NOS|Cervix|Cervix|SOLID|491
81|SIC|SaddleBrown|2|Small Bowel Cancer|Small Intestinal Carcinoma|Bowel|SOLID|289
82|NSCHL|LimeGreen|5|Hodgkin Lymphoma|Nodular Sclerosis Classical Hodgkin Lymphoma|Lymphoid|LIQUID|500
83|NSCLC|Gainsboro|2|Non-Small Cell Lung Cancer|Non-Small Cell Lung Cancer|Lung|SOLID|475
84|OGCT|LightBlue|2|Germ Cell Tumor|Ovarian Germ Cell Tumor|Ovary/Fallopian Tube|SOLID|557
85|CEVG|Teal|3|Cervical Cancer|Villoglandular Carcinoma|Cervix|SOLID|159
86|MAC|Black|2|Skin Cancer, Non-Melanoma|Microcystic Adnexal Carcinoma|Skin|SOLID|543
87|VDYS|Purple|3|Germ Cell Tumor|Dysgerminoma|Vulva/Vagina|SOLID|383
88|PHCH|Green|3|Hepatobiliary Cancer|Perihilar Cholangiocarcinoma|Biliary Tract|SOLID|283
89|BPLL|LimeGreen|5|Mature B-Cell Neoplasms|B-Cell Prolymphocytic Leukemia|Lymphoid|LIQUID|530
90|GMN|Gray|3|Germ Cell Tumor|Germinoma|CNS/Brain|SOLID|238
91|GCTSTM|Red|3|Germ Cell Tumor|Germ Cell Tumor with Somatic-Type Malignancy|Testis|SOLID|169
92|BCAC|DarkRed|3|Salivary Gland Cancer|Basal Cell Adenocarcinoma|Head and Neck|SOLID|522
93|OM|Green|2|Melanoma|Ocular Melanoma|Eye|SOLID|280
94|BPSCC|Blue|3|Penile Cancer|Basaloid Penile Squamous Cell Carcinoma|Penis|SOLID|481
95|BLL|LimeGreen|3|B-Lymphoblastic Leukemia/Lymphoma|B-Lymphoblastic Leukemia/Lymphoma|Lymphoid|LIQUID|31
96|PCNSMT|Gray|2|Primary CNS Melanocytic Tumors|Primary CNS Melanocytic Tumors|CNS/Brain|SOLID|644
97|MLNFGFR1|LightSalmon|4|Leukemia|Myeloid/Lymphoid Neoplasms with FGFR1 Rearrangement|Myeloid|LIQUID|693
98|OSMBT|LightBlue|3|Ovarian Cancer|Ovarian Seromucinous Borderline Tumor|Ovary/Fallopian Tube|SOLID|168
99|MDSID5Q|LightSalmon|4|Myelodysplastic Syndromes|MDS with Isolated Del(5q)|Myeloid|LIQUID|355
100|PHPTLD|LimeGreen|4|Posttransplant Lymphoproliferative Disorders|Plasmacytic Hyperplasia PTLD|Lymphoid|LIQUID|55
101|ASPS|LightYellow|2|Soft Tissue Sarcoma|Alveolar Soft Part Sarcoma|Soft Tissue|SOLID|683
102|NETNOS|Black|3|Cancer of Unknown Primary|Neuroendocrine Tumor, NOS|Other|SOLID|712
103|AMPULLA_OF_VATER|Purple|1|Ampullary Carcinoma, NOS|Ampulla of Vater|Ampulla of Vater|SOLID|491
104|MPALBCRABL1|LightSalmon|4|Leukemia|Mixed Phenotype Acute Leukemia with t(9;22)(q34.1;q11.2); BCR-ABL1|Myeloid|LIQUID|734
105|MCBCL|LimeGreen|5|Mature B-Cell Neoplasms|Monoclonal B-Cell Lymphocytosis|Lymphoid|LIQUID|530
106|ALKLBCL|LimeGreen|5|Mature B-Cell Neoplasms|ALK Positive Large B-Cell Lymphoma|Lymphoid|LIQUID|530
107|EATL|LimeGreen|5|Mature T and NK Neoplasms|Enteropathy-Associated T-Cell Lymphoma|Lymphoid|LIQUID|243
108|BLADDER|Yellow|1|Bladder/Urinary Tract Cancer, NOS|Bladder/Urinary Tract|Bladder/Urinary Tract|SOLID|491
109|TCCA|Red|3|Germ Cell Tumor|Choriocarcinoma|Testis|SOLID|169
110|MMBL|Gray|3|Embryonal Tumor|Melanotic Medulloblastoma|CNS/Brain|SOLID|347
111|SWDNET|LightSkyBlue|3|Gastrointestinal Neuroendocrine Tumor|Well-Differentiated Neuroendocrine Tumors of the Stomach|Esophagus/Stomach|SOLID|331
112|MUCC|DarkRed|3|Salivary Gland Cancer|Mucoepidermoid Carcinoma|Head and Neck|SOLID|522
113|USTUMP|PeachPuff|4|Uterine Sarcoma|Uterine Smooth Muscle Tumor of Uncertain Malignant Potential|Uterus|SOLID|754
114|USARC|PeachPuff|2|Uterine Sarcoma|Uterine Sarcoma/Mesenchymal|Uterus|SOLID|629
115|OCS|LightBlue|3|Ovarian Cancer|Ovarian Carcinosarcoma/Malignant Mixed Mesodermal Tumor|Ovary/Fallopian Tube|SOLID|168
116|CMPT|Gainsboro|3|Non-Small Cell Lung Cancer|Ciliated Muconodular Papillary Tumor of the Lung|Lung|SOLID|83
117|DSRCT|LightYellow|2|Soft Tissue Sarcoma|Desmoplastic Small-Round-Cell Tumor|Soft Tissue|SOLID|683
118|ALUCA|Gainsboro|3|Non-Small Cell Lung Cancer|Atypical Lung Carcinoid|Lung|SOLID|532
119|SPTCL|LimeGreen|5|Mature T and NK Neoplasms|Subcutaneous Panniculitis-Like T-Cell Lymphoma|Lymphoid|LIQUID|243
120|SPC|HotPink|3|Breast Cancer|Solid Papillary Carcinoma of the Breast|Breast|SOLID|338
121|EBOV|LightBlue|3|Ovarian Cancer|Endometrioid Borderlin Ovarian Tumor|Ovary/Fallopian Tube|SOLID|168
122|THPD|Teal|2|Thyroid Cancer|Poorly Differentiated Thyroid Cancer|Thyroid|SOLID|648
123|SGO|DarkRed|3|Salivary Gland Cancer|Salivary Gland Oncocytoma|Head and Neck|SOLID|522
124|MBGN|LightSalmon|2|Blood Cancer, NOS|Myeloid Benign|Myeloid|LIQUID|387
125|MRC|Orange|4|Renal Cell Carcinoma|Renal Medullary Carcinoma|Kidney|SOLID|380
126|CSCHW|Gray|4|Nerve Sheath Tumor|Cellular Schwannoma|Peripheral Nervous System|SOLID|78
127|EVN|Gray|3|Miscellaneous Neuroepithelial Tumor|Extraventricular Neurocytoma|CNS/Brain|SOLID|420
128|USC|PeachPuff|3|Endometrial Cancer|Uterine Serous Carcinoma/Uterine Papillary Serous Carcinoma|Uterus|SOLID|687
129|PERITONEUM|Green|1|Peritoneal Cancer, NOS|Peritoneum|Peritoneum|SOLID|491
130|NECNOS|Black|3|Cancer of Unknown Primary|Neuroendocrine Carcinoma, NOS|Other|SOLID|712
131|MIDDA|LimeGreen|6|Mature B-Cell Neoplasms|Amyloidosis|Lymphoid|LIQUID|828
132|WDTC|Teal|2|Thyroid Cancer|Well-Differentiated Thyroid Cancer|Thyroid|SOLID|648
133|AHCD|LimeGreen|5|Mature B-Cell Neoplasms|Alpha Heavy-Chain Disease|Lymphoid|LIQUID|530
134|CSCC|Black|2|Skin Cancer, Non-Melanoma|Cutaneous Squamous Cell Carcinoma|Skin|SOLID|543
135|BYST|Gray|3|Germ Cell Tumor|Yolk Sac Tumor|CNS/Brain|SOLID|238
136|OSGCT|Purple|3|Pancreatic Cancer|Osteoclastic Giant Cell Tumor|Pancreas|SOLID|552
137|BLLHYPER|LimeGreen|5|B-Lymphoblastic Leukemia/Lymphoma|B-Lymphoblastic Leukemia/Lymphoma with Hyperdiploidy|Lymphoid|LIQUID|45
138|SBOV|LightBlue|3|Ovarian Cancer|Serous Borderline Ovarian Tumor|Ovary/Fallopian Tube|SOLID|168
139|EMBCA|Red|3|Germ Cell Tumor|Embryonal Carcinoma|Testis|SOLID|169
140|ADPA|Black|2|Skin Cancer, Non-Melanoma|Aggressive Digital Papillary Adenocarcinoma|Skin|SOLID|543
141|LGSOC|LightBlue|4|Ovarian Cancer|Low-Grade Serous Ovarian Cancer|Ovary/Fallopian Tube|SOLID|547
142|HGESS|PeachPuff|4|Uterine Sarcoma|High-Grade Endometrial Stromal Sarcoma|Uterus|SOLID|637
143|EBVDLBCLNOS|LimeGreen|5|Mature B-Cell Neoplasms|EBV Positive DLBCL, NOS|Lymphoid|LIQUID|530
144|SEBA|Black|2|Skin Cancer, Non-Melanoma|Sebaceous Carcinoma|Skin|SOLID|543
145|BLLIAMP21|LimeGreen|5|B-Lymphoblastic Leukemia/Lymphoma|B-Lymphoblastic Leukemia/Lymphoma with iAMP21|Lymphoid|LIQUID|45
146|HNNE|DarkRed|3|Head and Neck Cancer|Head and Neck Neuroendocrine Carcinoma|Head and Neck|SOLID|4
147|MCHS|White|3|Bone Cancer|Mesenchymal Chondrosarcoma|Bone|SOLID|742
148|NPC|DarkRed|2|Head and Neck Cancer|Nasopharyngeal Carcinoma|Head and Neck|SOLID|303
149|APMF|LightSalmon|5|Leukemia|Acute Panmyelosis with Myelofibrosis|Myeloid|LIQUID|601
150|LGESS|PeachPuff|4|Uterine Sarcoma|Low-Grade Endometrial Stromal Sarcoma|Uterus|SOLID|637
151|PLSMESO|Blue|3|Mesothelioma|Pleural Mesothelioma, Sarcomatoid Type|Pleura|SOLID|379
152|HCL-V|LimeGreen|6|Mature B-Cell Neoplasms|Hairy Cell Leukemia-Variant|Lymphoid|LIQUID|3
153|PPCT|Black|2|Skin Cancer, Non-Melanoma|Proliferating Pilar Cystic Tumor|Skin|SOLID|543
154|OMGCT|LightBlue|3|Germ Cell Tumor|Mixed Germ Cell Tumor|Ovary/Fallopian Tube|SOLID|84
155|OPE|LightBlue|3|Germ Cell Tumor|Polyembryoma|Ovary/Fallopian Tube|SOLID|84
156|TPLL|LimeGreen|5|Mature T and NK Neoplasms|T-Cell Prolymphocytic Leukemia|Lymphoid|LIQUID|243
157|TAC|SaddleBrown|2|Tubular Adenoma of the Colon|Tubular Adenoma of the Colon|Bowel|SOLID|289
158|UA|Yellow|3|Bladder Cancer|Urachal Adenocarcinoma|Bladder/Urinary Tract|SOLID|323
159|CEAD|Teal|2|Cervical Cancer|Cervical Adenocarcinoma|Cervix|SOLID|80
160|ALCLALKN|LimeGreen|6|Mature T and NK Neoplasms|Anaplastic Large-Cell Lymphoma ALK Negative|Lymphoid|LIQUID|731
161|HEMA|LightYellow|2|Soft Tissue Sarcoma|Hemangioma|Soft Tissue|SOLID|683
162|CMCD|LightSalmon|4|Mastocytosis|Cutaneous Mastocytosis|Myeloid|LIQUID|322
163|PLLS|LightYellow|3|Soft Tissue Sarcoma|Pleomorphic Liposarcoma|Soft Tissue|SOLID|313
164|DDLS|LightYellow|3|Soft Tissue Sarcoma|Dedifferentiated Liposarcoma|Soft Tissue|SOLID|313
165|LUMEC|Gainsboro|4|Non-Small Cell Lung Cancer|Mucoepidermoid Carcinoma of the Lung|Lung|SOLID|287
166|MDLC|HotPink|3|Breast Cancer|Breast Mixed Ductal and Lobular Carcinoma|Breast|SOLID|338
167|ISMCL|LimeGreen|6|Mature B-Cell Neoplasms|In Situ Mantle Cell Neoplasia|Lymphoid|LIQUID|586
168|OVT|LightBlue|2|Ovarian Cancer|Ovarian Epithelial Tumor|Ovary/Fallopian Tube|SOLID|557
169|NSGCT|Red|2|Germ Cell Tumor|Non-Seminomatous Germ Cell Tumor|Testis|SOLID|623
170|OYST|LightBlue|3|Germ Cell Tumor|Yolk Sac Tumor|Ovary/Fallopian Tube|SOLID|84
171|SPN|Purple|2|Pancreatic Cancer|Solid Pseudopapillary Neoplasm of the Pancreas|Pancreas|SOLID|525
172|MDSMPNU|LightSalmon|4|Myelodysplastic/Myeloproliferative Neoplasms|MDS/MPN, Unclassifiable|Myeloid|LIQUID|285
173|UMNC|PeachPuff|3|Endometrial Cancer|Uterine Mesonephric Carcinoma|Uterus|SOLID|687
174|MNM|LightSalmon|2|Blood Cancer, NOS|Myeloid Neoplasm|Myeloid|LIQUID|387
175|SDCA|DarkRed|3|Salivary Gland Cancer|Salivary Duct Carcinoma|Head and Neck|SOLID|522
176|AGA|SaddleBrown|2|Anal Cancer|Anal Gland Adenocarcinoma|Bowel|SOLID|289
177|PTFL|LimeGreen|5|Mature B-Cell Neoplasms|Pediatric-Type Follicular Lymphoma|Lymphoid|LIQUID|530
178|BRSRCC|HotPink|3|Breast Cancer|Breast Carcinoma with Signet Ring|Breast|SOLID|338
179|TYST|Red|3|Germ Cell Tumor|Yolk Sac Tumor|Testis|SOLID|169
180|PAAD|Purple|2|Pancreatic Cancer|Pancreatic Adenocarcinoma|Pancreas|SOLID|525
181|MGCT|Red|3|Germ Cell Tumor|Mixed Germ Cell Tumor|Testis|SOLID|169
182|CECC|Teal|3|Cervical Cancer|Cervical Clear Cell Carcinoma|Cervix|SOLID|159
183|LMS|LightYellow|2|Soft Tissue Sarcoma|Leiomyosarcoma|Soft Tissue|SOLID|683
184|AMLBCRABL1|LightSalmon|5|Leukemia|AML with BCR-ABL1|Myeloid|LIQUID|198
185|MPN|LightSalmon|3|Myeloproliferative Neoplasms|Myeloproliferative Neoplasms|Myeloid|LIQUID|174
186|SGAD|Black|2|Skin Cancer, Non-Melanoma|Sweat Gland Adenocarcinoma|Skin|SOLID|543
187|SCBC|Yellow|2|Bladder Cancer|Small Cell Bladder Cancer|Bladder/Urinary Tract|SOLID|108
188|DIG|Gray|3|Miscellaneous Neuroepithelial Tumor|Desmoplastic Infantile Ganglioglioma|CNS/Brain|SOLID|420
189|DMBL|Gray|3|Embryonal Tumor|Desmoplastic/Nodular Medulloblastoma|CNS/Brain|SOLID|347
190|MRT|Orange|2|Rhabdoid Cancer|Rhabdoid Cancer|Kidney|SOLID|431
191|IMTB|Yellow|2|Bladder Cancer|Inflammatory Myofibroblastic Bladder Tumor|Bladder/Urinary Tract|SOLID|108
192|MELC|Gray|3|Melanocytoma|Melanocytoma|CNS/Brain|SOLID|96
193|BLLETV6RUNX1|LimeGreen|5|B-Lymphoblastic Leukemia/Lymphoma|B-Lymphoblastic Leukemia/Lymphoma with t(12;21)(p13.2;q22.1); ETV6-RUNX1|Lymphoid|LIQUID|45
194|LDCHL|LimeGreen|5|Hodgkin Lymphoma|Lymphocyte-Depleted Classical Hodgkin Lymphoma|Lymphoid|LIQUID|500
195|APXA|Gray|3|Glioma|Anaplastic Pleomorphic Xanthoastrocytoma|CNS/Brain|SOLID|54
196|CCHM|HotPink|4|Breast Cancer|Carcinoma with Chondroid Metaplasia|Breast|SOLID|776
197|PINC|Gray|3|Pineal Tumor|Pineocytoma|CNS/Brain|SOLID|266
198|AMLRGA|LightSalmon|4|Leukemia|AML with Recurrent Genetic Abnormalities|Myeloid|LIQUID|527
199|MT|Gray|3|Miscellaneous Brain Tumor|Malignant Tumor|CNS/Brain|SOLID|587
200|MCSL|LightSalmon|4|Mastocytosis|Mast Cell Sarcoma|Myeloid|LIQUID|322
201|BMGT|Gray|3|Germ Cell Tumor|Malignant Teratoma|CNS/Brain|SOLID|238
202|SPB|LimeGreen|5|Mature B-Cell Neoplasms|Solitary Plasmacytoma of Bone|Lymphoid|LIQUID|530
203|CCM|Gray|3|CNS Cancer|Clear cell Meningioma|CNS/Brain|SOLID|750
204|SM|LightSalmon|4|Mastocytosis|Systemic Mastocytosis|Myeloid|LIQUID|322
205|LECLC|Gainsboro|4|Non-Small Cell Lung Cancer|Lymphoepithelioma-like Carcinoma of the Lung|Lung|SOLID|342
206|BCLU|LimeGreen|5|Mature B-Cell Neoplasms|B-Cell Lymphoma, Unclassifiable, with Features Intermediate between DLBCL and Classical Hodgkin lymphoma|Lymphoid|LIQUID|530
207|BLLHYPO|LimeGreen|5|B-Lymphoblastic Leukemia/Lymphoma|B-Lymphoblastic Leukemia/Lymphoma with Hypodiploidy|Lymphoid|LIQUID|45
208|CUPNOS|Black|3|Cancer of Unknown Primary|Cancer of Unknown Primary, NOS|Other|SOLID|712
209|LIMNET|MediumSeaGreen|2|Hepatobiliary Cancer|Malignant Nonepithelial Tumor of the Liver|Liver|SOLID|567
210|IFS|LightYellow|2|Infantile Fibrosarcoma|Infantile Fibrosarcoma|Soft Tissue|SOLID|683
211|RMS|LightYellow|2|Soft Tissue Sarcoma|Rhabdomyosarcoma|Soft Tissue|SOLID|683
212|OCNOS|LightBlue|3|Ovarian Cancer|Ovarian Choriocarcinoma, NOS|Ovary/Fallopian Tube|SOLID|861
213|THPA|Teal|3|Thyroid Cancer|Papillary Thyroid Cancer|Thyroid|SOLID|132
214|CHRCC|Orange|4|Renal Cell Carcinoma|Chromophobe Renal Cell Carcinoma|Kidney|SOLID|380
215|PNS|Gray|1|Peripheral Nervous System Cancer, NOS|Peripheral Nervous System|Peripheral Nervous System|SOLID|491
216|ANM|Gray|3|CNS Cancer|Anaplastic Meningioma|CNS/Brain|SOLID|750
217|PLBL|LimeGreen|5|Mature B-Cell Neoplasms|Plasmablastic Lymphoma|Lymphoid|LIQUID|530
218|LAIS|Gainsboro|2|Non-Small Cell Lung Cancer|Lung Adenocarcinoma In Situ|Lung|SOLID|475
219|UEC|PeachPuff|3|Endometrial Cancer|Uterine Endometrioid Carcinoma|Uterus|SOLID|687
220|SFTCNS|Gray|3|CNS Cancer|Solitary Fibrous Tumor of the Central Nervous System|CNS/Brain|SOLID|750
221|ENKL|LimeGreen|5|Mature T and NK Neoplasms|Extranodal NK-/T-Cell Lymphoma, Nasal Type|Lymphoid|LIQUID|243
222|VMA|Purple|2|Vulvar Carcinoma|Mucinous Adenocarcinoma of the Vulva/Vagina|Vulva/Vagina|SOLID|853
223|ASTR|Gray|3|Glioma|Astrocytoma|CNS/Brain|SOLID|619
224|CMML|LightSalmon|4|Myelodysplastic/Myeloproliferative Neoplasms|Chronic Myelomonocytic Leukemia|Myeloid|LIQUID|285
225|VA|Purple|2|Vaginal Cancer|Vaginal Adenocarcinoma|Vulva/Vagina|SOLID|853
226|GNBL|Gray|2|Peripheral Nervous System|Ganglioneuroblastoma|Peripheral Nervous System|SOLID|215
227|MDSMD|LightSalmon|4|Myelodysplastic Syndromes|MDS with Multilineage Dysplasia|Myeloid|LIQUID|355
228|MIDDO|LimeGreen|6|Mature B-Cell Neoplasms|Monoclonal Immunoglobulin Deposition Diseases, Other|Lymphoid|LIQUID|828
229|MOV|LightBlue|3|Ovarian Cancer|Mucinous Ovarian Cancer|Ovary/Fallopian Tube|SOLID|168
230|TNET|Purple|2|Thymic Tumor|Thymic Neuroendocrine Tumor|Thymus|SOLID|686
231|GNC|Gray|3|Glioma|Gangliocytoma|CNS/Brain|SOLID|54
232|APE|Gray|3|CNS Cancer|Anaplastic Ependymoma|CNS/Brain|SOLID|832
233|CCHDM|White|3|Bone Cancer|Conventional Type Chordoma|Bone|SOLID|450
234|BTBOV|LightBlue|4|Ovarian Cancer|Brenner Tumor, Borderline|Ovary/Fallopian Tube|SOLID|602
235|GSARC|Gray|4|Glioma|Gliosarcoma|CNS/Brain|SOLID|666
236|PTCL|LimeGreen|5|Mature T and NK Neoplasms|Peripheral T-Cell lymphoma, NOS|Lymphoid|LIQUID|243
237|CTAAP|SaddleBrown|3|Appendiceal Cancer|Colonic Type Adenocarcinoma of the Appendix|Bowel|SOLID|566
238|BGCT|Gray|2|Germ Cell Tumor|Germ Cell Tumor, Brain|CNS/Brain|SOLID|644
239|RBL|Green|2|Retinoblastoma|Retinoblastoma|Eye|SOLID|280
240|SPCC|Gainsboro|3|Non-Small Cell Lung Cancer|Spindle Cell Carcinoma of the Lung|Lung|SOLID|83
241|ANGL|Gray|3|Miscellaneous Neuroepithelial Tumor|Angiocentric Glioma|CNS/Brain|SOLID|420
242|NST|Gray|2|Nerve Sheath Tumor|Nerve Sheath Tumor|Peripheral Nervous System|SOLID|215
243|MTNN|LimeGreen|4|Mature T and NK Neoplasms|Mature T and NK Neoplasms|Lymphoid|LIQUID|576
244|CCRCC|Orange|3|Renal Cell Carcinoma|Renal Clear Cell Carcinoma|Kidney|SOLID|850
245|UUC|PeachPuff|3|Endometrial Cancer|Uterine Undifferentiated Carcinoma|Uterus|SOLID|687
246|AMLMLLT3KMT2A|LightSalmon|5|Leukemia|AML with t(9;11)(p21.3;q23.3);MLLT3-KMT2A|Myeloid|LIQUID|198
247|EGCT|Black|2|Germ Cell Tumor|Extra Gonadal Germ Cell Tumor|Other|SOLID|716
248|BMT|Gray|3|Germ Cell Tumor|Mature Teratoma|CNS/Brain|SOLID|238
249|UCCA|PeachPuff|3|Gestational Trophoblastic Disease|Choriocarcinoma|Uterus|SOLID|417
250|SCUP|Black|3|Cancer of Unknown Primary|Small Cell Carcinoma of Unknown Primary|Other|SOLID|712
251|TAM|LightSalmon|5|Leukemia|Transient Abnormal Myelopoiesis|Myeloid|LIQUID|844
252|LATL|LimeGreen|2|Lymphatic Cancer, NOS|Lymphoid Atypical|Lymphoid|LIQUID|258
253|AFH|LightYellow|2|Angiomatoid Fibrous Histiocytoma|Angiomatoid Fibrous Histiocytoma|Soft Tissue|SOLID|683
254|IAMPCA|Purple|3|Ampullary Cancer|Intestinal Ampullary Carcinoma|Ampulla of Vater|SOLID|732
255|MLADS|LightSalmon|5|Leukemia|Myeloid Leukemia Associated with Down Syndrome|Myeloid|LIQUID|844
256|USTAD|LightSkyBlue|3|Esophagogastric Cancer|Undifferentiated Stomach Adenocarcinoma|Esophagus/Stomach|SOLID|361
257|CESE|Teal|3|Cervical Cancer|Cervical Serous Carcinoma|Cervix|SOLID|159
258|LYMPH|LimeGreen|1|Lymphatic Cancer, NOS|Lymphoid|Lymphoid|LIQUID|491
259|LGGNOS|Gray|3|Glioma|Low-Grade Glioma, NOS|CNS/Brain|SOLID|54
260|APLPMLRARA|LightSalmon|5|Leukemia|APL with PML-RARA|Myeloid|LIQUID|198
261|MLYM|Gray|3|Miscellaneous Brain Tumor|Malignant Lymphoma|CNS/Brain|SOLID|587
262|SRCC|Orange|4|Renal Cell Carcinoma|Sarcomatoid Renal Cell Carcinoma|Kidney|SOLID|380
263|BRAME|HotPink|2|Breast Cancer|Adenomyoepithelioma of the Breast|Breast|SOLID|799
264|AITL|LimeGreen|5|Mature T and NK Neoplasms|Angioimmunoblastic T-Cell Lymphoma|Lymphoid|LIQUID|243
265|PAAC|Purple|2|Pancreatic Cancer|Acinar Cell Carcinoma of the Pancreas|Pancreas|SOLID|525
266|PINT|Gray|2|Pineal Tumor|Pineal Tumor|CNS/Brain|SOLID|644
267|MDSRS|LightSalmon|4|Myelodysplastic Syndromes|MDS with Ring Sideroblasts|Myeloid|LIQUID|355
268|HS|LightSalmon|4|Histiocytosis|Histiocytic Sarcoma|Myeloid|LIQUID|352
269|CHLPTLD|LimeGreen|4|Posttransplant Lymphoproliferative Disorders|Classical Hodgkin Lymphoma PTLD|Lymphoid|LIQUID|55
270|SRCCR|SaddleBrown|3|Colorectal Cancer|Signet Ring Cell Adenocarcinoma of the Colon and Rectum|Bowel|SOLID|382
271|OIMT|LightBlue|3|Germ Cell Tumor|Immature Teratoma|Ovary/Fallopian Tube|SOLID|84
272|VGCE|Teal|2|Cervical Cancer|Villoglandular Adenocarcinoma of the Cervix|Cervix|SOLID|80
273|MPALKMT2A|LightSalmon|4|Leukemia|Mixed Phenotype Acute Leukemia with t(v;11q23.3); KMT2A Rearranged|Myeloid|LIQUID|734
274|UELMS|PeachPuff|4|Uterine Sarcoma|Uterine Epithelioid Leiomyosarcoma|Uterus|SOLID|754
275|PRSC|Cyan|2|Prostate Cancer|Prostate Squamous Cell Carcinoma|Prostate|SOLID|374
276|HCL|LimeGreen|5|Mature B-Cell Neoplasms|Hairy Cell Leukemia|Lymphoid|LIQUID|530
277|CESC|Teal|2|Cervical Cancer|Cervical Squamous Cell Carcinoma|Cervix|SOLID|80
278|SYNS|LightYellow|2|Soft Tissue Sarcoma|Synovial Sarcoma|Soft Tissue|SOLID|683
279|ERMS|LightYellow|3|Soft Tissue Sarcoma|Embryonal Rhabdomyosarcoma|Soft Tissue|SOLID|211
280|EYE|Green|1|Eye Cancer, NOS|Eye|Eye|SOLID|491
281|ASM|LightSalmon|5|Mastocytosis|Aggressive Systemic Mastocytosis|Myeloid|LIQUID|204
282|UM|Green|3|Melanoma|Uveal Melanoma|Eye|SOLID|93
283|CHOL|Green|2|Hepatobiliary Cancer|Cholangiocarcinoma|Biliary Tract|SOLID|393
284|ESST|LightYellow|2|Soft Tissue Sarcoma|Ewing Sarcoma of Soft Tissue|Soft Tissue|SOLID|683
285|MDS/MPN|LightSalmon|3|Myelodysplastic/Myeloproliferative Neoplasms|Myelodysplastic/Myeloproliferative Neoplasms|Myeloid|LIQUID|174
286|FL|LimeGreen|5|Mature B-Cell Neoplasms|Follicular Lymphoma|Lymphoid|LIQUID|530
287|SGTTL|Gainsboro|3|Non-Small Cell Lung Cancer|Salivary Gland-Type Tumor of the Lung|Lung|SOLID|83
288|PTH|DarkRed|2|Parathyroid Cancer|Parathyroid Cancer|Head and Neck|SOLID|303
289|BOWEL|SaddleBrown|1|Bowel Cancer, NOS|Bowel|Bowel|SOLID|491
290|WT|Orange|2|Wilms Tumor|Wilms' Tumor|Kidney|SOLID|431
291|TET|Purple|2|Thymic Tumor|Thymic Epithelial Tumor|Thymus|SOLID|686
292|IUP|Yellow|2|Bladder Cancer|Inverted Urothelial Papilloma|Bladder/Urinary Tract|SOLID|108
293|TLL|LimeGreen|3|T-Lymphoblastic Leukemia/Lymphoma|T-Lymphoblastic Leukemia/Lymphoma|Lymphoid|LIQUID|31
294|SS|LimeGreen|5|Mature T and NK Neoplasms|Sezary Syndrome|Lymphoid|LIQUID|243
295|HGNEC|SaddleBrown|3|Gastrointestinal Neuroendocrine Tumor|High-Grade Neuroendocrine Carcinoma of the Colon and Rectum|Bowel|SOLID|399
296|AODG|Gray|3|Glioma|Anaplastic Oligodendroglioma|CNS/Brain|SOLID|619
297|PORO|Black|2|Skin Cancer, Non-Melanoma|Poroma/Acrospiroma|Skin|SOLID|543
298|HTAT|Teal|2|Thyroid Cancer|Hyalinizing Trabecular Adenoma of the Thyroid|Thyroid|SOLID|648
299|LDD|Gray|3|Miscellaneous Neuroepithelial Tumor|Dysplastic Gangliocytoma of the Cerebellum/Lhermitte-Duclos Disease|CNS/Brain|SOLID|420
300|HGSFT|LightBlue|3|Ovarian Cancer|High-Grade Serous Fallopian Tube Cancer|Ovary/Fallopian Tube|SOLID|861
301|NMCHN|DarkRed|3|Head and Neck Cancer|NUT Midline Carcinoma of the Head and Neck|Head and Neck|SOLID|4
302|UMLMS|PeachPuff|4|Uterine Sarcoma|Uterine Myxoid Leiomyosarcoma|Uterus|SOLID|754
303|HEAD_NECK|DarkRed|1|Head and Neck Cancer, NOS|Head and Neck|Head and Neck|SOLID|491
304|UDMN|Black|3|Cancer of Unknown Primary|Undifferentiated Malignant Neoplasm|Other|SOLID|712
305|ACRM|Black|3|Melanoma|Acral Melanoma|Skin|SOLID|453
306|MLNPDGFRA|LightSalmon|4|Leukemia|Myeloid/Lymphoid Neoplasms with PDGFRA Rearrangement|Myeloid|LIQUID|693
307|PHC|Purple|2|Pheochromocytoma|Pheochromocytoma|Adrenal Gland|SOLID|38
308|ATLL|LimeGreen|5|Mature T and NK Neoplasms|Adult T-Cell Leukemia/Lymphoma|Lymphoid|LIQUID|243
309|THRLBCL|LimeGreen|5|Mature B-Cell Neoplasms|T-Cell/Histiocyte-Rich Large B-Cell Lymphoma|Lymphoid|LIQUID|530
310|PTAD|Gray|3|Sellar Tumor|Pituitary Adenoma|CNS/Brain|SOLID|26
311|ESMM|LightSkyBlue|2|Melanoma|Mucosal Melanoma of the Esophagus|Esophagus/Stomach|SOLID|541
312|MNG|Gray|3|CNS Cancer|Meningioma|CNS/Brain|SOLID|750
313|LIPO|LightYellow|2|Soft Tissue Sarcoma|Liposarcoma|Soft Tissue|SOLID|683
314|LBLIRF4|LimeGreen|5|Mature B-Cell Neoplasms|Large B-Cell Lymphoma with IRF4 Rearrangement|Lymphoid|LIQUID|530
315|DCIS|HotPink|2|Breast Cancer|Breast Ductal Carcinoma In Situ|Breast|SOLID|799
316|TT|Red|3|Germ Cell Tumor|Teratoma|Testis|SOLID|169
317|PCSMTPLD|LimeGreen|5|Mature T and NK Neoplasms|Primary Cutaneous CD4 Positive Small/Medium T-Cell Lymphoproliferative Disorder|Lymphoid|LIQUID|243
318|AMML|LightSalmon|5|Leukemia|Acute Myelomonocytic Leukemia|Myeloid|LIQUID|601
319|ESCA|LightSkyBlue|3|Esophagogastric Cancer|Esophageal Adenocarcinoma|Esophagus/Stomach|SOLID|361
320|MCC|Black|2|Skin Cancer, Non-Melanoma|Merkel Cell Carcinoma|Skin|SOLID|543
321|URCC|Orange|4|Renal Cell Carcinoma|Unclassified Renal Cell Carcinoma|Kidney|SOLID|380
322|MCD|LightSalmon|3|Mastocytosis|Mastocytosis|Myeloid|LIQUID|174
323|URCA|Yellow|2|Bladder Cancer|Urachal Carcinoma|Bladder/Urinary Tract|SOLID|108
324|OMT|LightBlue|3|Germ Cell Tumor|Mature Teratoma|Ovary/Fallopian Tube|SOLID|84
325|LYG|LimeGreen|5|Mature B-Cell Neoplasms|Lymphomatoid Granulomatosis|Lymphoid|LIQUID|530
326|SPDAC|LightSkyBlue|4|Esophagogastric Cancer|Poorly Differentiated Carcinoma of the Stomach|Esophagus/Stomach|SOLID|256
327|NUTCL|Gainsboro|3|Non-Small Cell Lung Cancer|NUT Carcinoma of the Lung|Lung|SOLID|83
328|SEF|LightYellow|3|Soft Tissue Sarcoma|Sclerosing Epithelioid Fibrosarcoma|Soft Tissue|SOLID|74
329|AECA|Black|2|Skin Cancer, Non-Melanoma|Sweat Gland Carcinoma/Apocrine Eccrine Carcinoma|Skin|SOLID|543
330|ETMF|LightSalmon|5|Myeloproliferative Neoplasms|Essential Thrombocythemia Myelofibrosis|Myeloid|LIQUID|695
331|GINETES|LightSkyBlue|2|Esophagogastric Cancer|Gastrointestinal Neuroendocrine Tumors of the Esophagus/Stomach|Esophagus/Stomach|SOLID|541
332|OAST|Gray|3|Glioma|Oligoastrocytoma|CNS/Brain|SOLID|619
333|DES|LightYellow|2|Soft Tissue Sarcoma|Desmoid/Aggressive Fibromatosis|Soft Tissue|SOLID|683
334|PAASC|Purple|2|Pancreatic Cancer|Adenosquamous Carcinoma of the Pancreas|Pancreas|SOLID|525
335|SNSC|DarkRed|3|Head and Neck Cancer|Sinonasal Squamous Cell Carcinoma|Head and Neck|SOLID|44
336|ALCLALKP|LimeGreen|6|Mature T and NK Neoplasms|Anaplastic Large-Cell Lymphoma ALK Positive|Lymphoid|LIQUID|731
337|MDSRSSLD|LightSalmon|5|Myelodysplastic Syndromes|MDS with Ring Sideroblasts and Single Lineage Dysplasia|Myeloid|LIQUID|267
338|BRCA|HotPink|2|Breast Cancer|Invasive Breast Carcinoma|Breast|SOLID|799
339|IHCH|Green|3|Hepatobiliary Cancer|Intrahepatic Cholangiocarcinoma|Biliary Tract|SOLID|283
340|ODGC|DarkRed|3|Head and Neck Cancer|Odontogenic Carcinoma|Head and Neck|SOLID|4
341|EBVMCU|LimeGreen|5|Mature B-Cell Neoplasms|EBV Positive Mucocutaneous Ulcer|Lymphoid|LIQUID|530
342|LCLC|Gainsboro|3|Non-Small Cell Lung Cancer|Large Cell Lung Carcinoma|Lung|SOLID|83
343|STAS|LightSkyBlue|3|Esophagogastric Cancer|Adenosquamous Carcinoma of the Stomach|Esophagus/Stomach|SOLID|361
344|COAD|SaddleBrown|3|Colorectal Cancer|Colon Adenocarcinoma|Bowel|SOLID|382
345|SCT|LightBlue|3|Sex Cord Stromal Tumor|Steroid Cell Tumor, NOS|Ovary/Fallopian Tube|SOLID|8
346|EHAE|LightYellow|2|Soft Tissue Sarcoma|Epithelioid Hemangioendothelioma|Soft Tissue|SOLID|683
347|EMBT|Gray|2|Embryonal Tumor|Embryonal Tumor|CNS/Brain|SOLID|644
348|READ|SaddleBrown|3|Colorectal Cancer|Rectal Adenocarcinoma|Bowel|SOLID|382
349|CNC|Gray|3|Miscellaneous Neuroepithelial Tumor|Central Neurocytoma|CNS/Brain|SOLID|420
350|UCS|PeachPuff|3|Endometrial Cancer|Uterine Carcinosarcoma/Uterine Malignant Mixed Mullerian Tumor|Uterus|SOLID|687
351|BLLBCRABL1|LimeGreen|5|B-Lymphoblastic Leukemia/Lymphoma|B-Lymphoblastic Leukemia/Lymphoma with t(9;22)(q34.1;q11.2);BCR-ABL1|Lymphoid|LIQUID|45
352|HDCN|LightSalmon|3|Histiocytosis|Histiocytic and Dendritic Cell Neoplasms|Myeloid|LIQUID|174
353|MTSCC|Orange|4|Renal Cell Carcinoma|Renal Mucinous Tubular Spindle Cell Carcinoma|Kidney|SOLID|380
354|MP|PeachPuff|3|Gestational Trophoblastic Disease|Molar Pregnancy|Uterus|SOLID|417
355|MDS|LightSalmon|3|Myelodysplastic Syndromes|Myelodysplastic Syndromes|Myeloid|LIQUID|174
356|VPE|Purple|3|Germ Cell Tumor|Polyembryoma|Vulva/Vagina|SOLID|383
357|FHPTLD|LimeGreen|4|Posttransplant Lymphoproliferative Disorders|Florid Follicular Hyperplasia PTLD|Lymphoid|LIQUID|55
358|URMM|Yellow|2|Melanoma|Mucosal Melanoma of the Urethra|Bladder/Urinary Tract|SOLID|108
359|BLL11Q|LimeGreen|5|Mature B-Cell Neoplasms|Burkitt-Like Lymphoma with 11q Aberration|Lymphoid|LIQUID|530
360|SNUC|DarkRed|3|Head and Neck Cancer|Sinonasal Undifferentiated Carcinoma|Head and Neck|SOLID|4
361|EGC|LightSkyBlue|2|Esophagogastric Cancer|Esophagogastric Adenocarcinoma|Esophagus/Stomach|SOLID|541
362|MDSEB|LightSalmon|4|Myelodysplastic Syndromes|MDS with Excess Blasts|Myeloid|LIQUID|355
363|MYXO|LightYellow|2|Soft Tissue Sarcoma|Myxoma|Soft Tissue|SOLID|683
364|DF|Black|2|Skin Cancer, Non-Melanoma|Dermatofibroma|Skin|SOLID|543
365|CCLC|Gainsboro|4|Non-Small Cell Lung Cancer|Clear Cell Carcinoma of the Lung|Lung|SOLID|342
366|NBL|Gray|2|Peripheral Nervous System|Neuroblastoma|Peripheral Nervous System|SOLID|215
367|RDD|LightSalmon|4|Histiocytosis|Rosai-Dorfman Disease|Myeloid|LIQUID|352
368|DDCHDM|White|3|Bone Cancer|Dedifferentiated Chordoma|Bone|SOLID|450
369|IDCT|LightSalmon|4|Histiocytosis|Indeterminate Dendritic Cell Tumor|Myeloid|LIQUID|352
370|LUAD|Gainsboro|3|Non-Small Cell Lung Cancer|Lung Adenocarcinoma|Lung|SOLID|83
371|SLCT|LightBlue|3|Sex Cord Stromal Tumor|Sertoli-Leydig Cell Tumor|Ovary/Fallopian Tube|SOLID|8
372|INTS|LightYellow|2|Soft Tissue Sarcoma|Intimal Sarcoma|Soft Tissue|SOLID|683
373|UAD|Yellow|3|Bladder Cancer|Urethral Adenocarcinoma|Bladder/Urinary Tract|SOLID|647
374|PROSTATE|Cyan|1|Prostate Cancer, NOS|Prostate|Prostate|SOLID|491
375|FTCL|LimeGreen|5|Mature T and NK Neoplasms|Follicular T-Cell Lymphoma|Lymphoid|LIQUID|243
376|HCC|MediumSeaGreen|2|Hepatobiliary Cancer|Hepatocellular Carcinoma|Liver|SOLID|567
377|ACN|Black|3|Cancer of Unknown Primary|Acinar Cell Carcinoma, NOS|Other|SOLID|712
378|MDSEB2|LightSalmon|5|Myelodysplastic Syndromes|MDS with excess blasts-2|Myeloid|LIQUID|362
379|PLMESO|Blue|2|Mesothelioma|Pleural Mesothelioma|Pleura|SOLID|707
380|NCCRCC|Orange|3|Renal Cell Carcinoma|Renal Non-Clear Cell Carcinoma|Kidney|SOLID|850
381|LBGN|LimeGreen|2|Lymphatic Cancer, NOS|Lymphoid Benign|Lymphoid|LIQUID|258
382|COADREAD|SaddleBrown|2|Colorectal Cancer|Colorectal Adenocarcinoma|Bowel|SOLID|289
383|VGCT|Purple|2|Germ Cell Tumor|Germ Cell Tumor of the Vulva|Vulva/Vagina|SOLID|853
384|MPE|Gray|3|CNS Cancer|Myxopapillary Ependymoma|CNS/Brain|SOLID|832
385|CLNC|Gray|3|Miscellaneous Neuroepithelial Tumor|Cerebellar Liponeurocytoma|CNS/Brain|SOLID|420
386|PGNG|Gray|2|Miscellaneous Neuroepithelial Tumor|Paraganglioma|Soft Tissue|SOLID|683
387|MYELOID|LightSalmon|1|Blood Cancer, NOS|Myeloid|Myeloid|LIQUID|491
388|EMALT|LimeGreen|6|Mature B-Cell Neoplasms|Extranodal Marginal Zone Lymphoma of Mucosa-Associated Lymphoid Tissue (MALT lymphoma)|Lymphoid|LIQUID|643
389|BONE|White|1|Bone Cancer, NOS|Bone|Bone|SOLID|491
390|AMLRBM15MKL1|LightSalmon|5|Leukemia|AML (megakaryoblastic) with t(1;22)(p13.3;q13.3);RBM15-MKL1|Myeloid|LIQUID|198
391|IPMN|Purple|3|Pancreatic Cancer|Intraductal Papillary Mucinous Neoplasm|Pancreas|SOLID|464
392|MGUS|LimeGreen|5|Mature B-Cell Neoplasms|Monoclonal Gammopathy of Undetermined Significance|Lymphoid|LIQUID|530
393|BILIARY_TRACT|Green|1|Biliary Tract Cancer, NOS|Biliary Tract|Biliary Tract|SOLID|491
394|EMPD|Black|2|Skin Cancer, Non-Melanoma|Extramammary Paget Disease|Skin|SOLID|543
395|CHOS|White|3|Bone Cancer|Chondroblastic Osteosarcoma|Bone|SOLID|631
396|RLCLC|Gainsboro|4|Non-Small Cell Lung Cancer|Large Cell Lung Carcinoma With Rhabdoid Phenotype|Lung|SOLID|342
397|OSACA|DarkRed|3|Salivary Gland Cancer|Salivary Carcinoma, Other|Head and Neck|SOLID|522
398|PANET|Purple|2|Pancreatic Cancer|Pancreatic Neuroendocrine Tumor|Pancreas|SOLID|525
399|GINET|SaddleBrown|2|Gastrointestinal Neuroendocrine Tumor|Gastrointestinal Neuroendocrine Tumors|Bowel|SOLID|289
400|SFT|LightYellow|2|Soft Tissue Sarcoma|Solitary Fibrous Tumor/Hemangiopericytoma|Soft Tissue|SOLID|683
401|EPM|Gray|3|Glioma|Ependymoma|CNS/Brain|SOLID|832
402|HMBL|Gray|3|Miscellaneous Brain Tumor|Hemangioblastoma|CNS/Brain|SOLID|587
403|HGSOS|White|3|Bone Cancer|High-Grade Surface Osteosarcoma|Bone|SOLID|631
404|TLYM|Red|2|Non-Hodgkin Lymphoma|Testicular Lymphoma|Testis|SOLID|623
405|PNET|Gray|3|Embryonal Tumor|Primitive Neuroectodermal Tumor|CNS/Brain|SOLID|347
406|TMESO|Red|2|Mesothelioma|Testicular Mesothelioma|Testis|SOLID|623
407|PAST|Gray|3|Glioma|Pilocytic Astrocytoma|CNS/Brain|SOLID|54
408|DFSP|Black|2|Skin Cancer, Non-Melanoma|Dermatofibrosarcoma Protuberans|Skin|SOLID|543
409|THAP|Teal|2|Thyroid Cancer|Anaplastic Thyroid Cancer|Thyroid|SOLID|648
410|SKLMM|Black|3|Melanoma|Lentigo Maligna Melanoma|Skin|SOLID|453
411|TGCT|LightYellow|2|Soft Tissue Sarcoma|Tenosynovial Giant Cell Tumor Diffuse Type|Soft Tissue|SOLID|683
412|PTCY|Gray|3|Sellar Tumor|Pituicytoma|CNS/Brain|SOLID|26
413|ASCT|DarkRed|3|Head and Neck Cancer|Adenosquamous Carcinoma of the Tongue|Head and Neck|SOLID|4
414|BNNOS|HotPink|2|Breast Cancer|Breast Neoplasm, NOS|Breast|SOLID|799
415|MACR|SaddleBrown|3|Colorectal Cancer|Mucinous Adenocarcinoma of the Colon and Rectum|Bowel|SOLID|382
416|IBC|HotPink|2|Breast Cancer|Inflammatory Breast Cancer|Breast|SOLID|799
417|GTD|PeachPuff|2|Gestational Trophoblastic Disease|Gestational Trophoblastic Disease|Uterus|SOLID|629
418|TMN|LightSalmon|4|Leukemia|Therapy-Related Myeloid Neoplasms|Myeloid|LIQUID|527
419|PCT|Black|2|Skin Cancer, Non-Melanoma|Porphyria Cutania Tarda|Skin|SOLID|543
420|MNET|Gray|2|Miscellaneous Neuroepithelial Tumor|Miscellaneous Neuroepithelial Tumor|CNS/Brain|SOLID|644
421|MEITL|LimeGreen|5|Mature T and NK Neoplasms|Monomorphic Epitheliotropic Intestinal T-Cell Lymphoma|Lymphoid|LIQUID|243
422|PRAD|Cyan|2|Prostate Cancer|Prostate Adenocarcinoma|Prostate|SOLID|374
423|MRTL|MediumSeaGreen|2|Malignant Rhabdoid Tumor of the Liver|Malignant Rhabdoid Tumor of the Liver|Liver|SOLID|567
424|NKCLL|LimeGreen|4|T-Lymphoblastic Leukemia/Lymphoma|Natural Killer (NK) Cell Lymphoblastic Leukemia/Lymphoma|Lymphoid|LIQUID|293
425|OSOS|White|3|Bone Cancer|Osteoblastic Osteosarcoma|Bone|SOLID|631
426|AIS|Black|2|Adenocarcinoma In Situ|Adenocarcinoma In Situ|Other|SOLID|716
427|AASTR|Gray|3|Glioma|Anaplastic Astrocytoma|CNS/Brain|SOLID|619
428|VIMT|Purple|3|Germ Cell Tumor|Immature Teratoma|Vulva/Vagina|SOLID|383
429|AMLDEKNUP214|LightSalmon|5|Leukemia|AML with t(6;9)(p23;q34.1);DEK-NUP214|Myeloid|LIQUID|198
430|MGUSIGA|LimeGreen|6|Mature B-Cell Neoplasms|IgA|Lymphoid|LIQUID|392
431|KIDNEY|Orange|1|Kidney Cancer, NOS|Kidney|Kidney|SOLID|491
432|MDEP|Gray|3|Embryonal Tumor|Medulloepithelioma|CNS/Brain|SOLID|347
433|SSM|LightSalmon|5|Mastocytosis|Smoldering Systemic Mastocytosis|Myeloid|LIQUID|204
434|CMML2|LightSalmon|5|Myelodysplastic/Myeloproliferative Neoplasms|Chronic Myelomonocytic Leukemia-2|Myeloid|LIQUID|224
435|HNSCUP|DarkRed|3|Head and Neck Cancer|Head and Neck Squamous Cell Carcinoma of Unknown Primary|Head and Neck|SOLID|44
436|IMS|LightYellow|2|Myofibromatosis|Myofibromatosis|Soft Tissue|SOLID|683
437|SMN|LightSkyBlue|2|Esophagogastric Cancer|Smooth Muscle Neoplasm, NOS|Esophagus/Stomach|SOLID|541
438|PRSCC|Cyan|2|Prostate Cancer|Prostate Small Cell Carcinoma|Prostate|SOLID|374
439|DSTAD|LightSkyBlue|4|Esophagogastric Cancer|Diffuse Type Stomach Adenocarcinoma|Esophagus/Stomach|SOLID|620
440|SECOS|White|3|Bone Cancer|Secondary Osteosarcoma|Bone|SOLID|631
441|NMZL|LimeGreen|6|Mature B-Cell Neoplasms|Nodal Marginal Zone Lymphoma|Lymphoid|LIQUID|643
442|PT|HotPink|3|Breast Sarcoma|Phyllodes Tumor of the Breast|Breast|SOLID|655
443|MSCHW|Gray|4|Nerve Sheath Tumor|Melanotic Schwannoma|Peripheral Nervous System|SOLID|78
444|ACPG|Gray|3|Sellar Tumor|Craniopharyngioma, Adamantinomatous Type|CNS/Brain|SOLID|26
445|SCCE|Teal|2|Cervical Cancer|Small Cell Carcinoma of the Cervix|Cervix|SOLID|80
446|NPTLTFH|LimeGreen|5|Mature T and NK Neoplasms|Nodal Peripheral T-Cell Lymphoma with TFH Phenotype|Lymphoid|LIQUID|243
447|VMM|Purple|2|Melanoma|Mucosal Melanoma of the Vulva/Vagina|Vulva/Vagina|SOLID|853
448|MGST|LightYellow|2|Malignant Glomus Tumor|Malignant Glomus Tumor|Soft Tissue|SOLID|683
449|BTMOV|LightBlue|4|Ovarian Cancer|Brenner Tumor, Malignant|Ovary/Fallopian Tube|SOLID|602
450|CHDM|White|2|Bone Cancer|Chordoma|Bone|SOLID|389
451|ACPP|Gray|3|Choroid Plexus Tumor|Atypical Choroid Plexus Papilloma|CNS/Brain|SOLID|746
452|PSTAD|LightSkyBlue|4|Esophagogastric Cancer|Papillary Stomach Adenocarcinoma|Esophagus/Stomach|SOLID|620
453|MEL|Black|2|Melanoma|Melanoma|Skin|SOLID|543
454|CM|Green|3|Melanoma|Conjunctival Melanoma|Eye|SOLID|93
455|HGNEE|LightSkyBlue|3|Gastrointestinal Neuroendocrine Tumors of the Esophagus/Stomach|High-Grade Neuroendocrine Carcinoma of the Esophagus|Esophagus/Stomach|SOLID|331
456|MAMPCA|Purple|3|Ampullary Cancer|Mixed Ampullary Carcinoma|Ampulla of Vater|SOLID|732
457|PRCC|Orange|4|Renal Cell Carcinoma|Papillary Renal Cell Carcinoma|Kidney|SOLID|380
458|BLPT|HotPink|4|Breast Sarcoma|Borderline Phyllodes Tumor of the Breast|Breast|SOLID|442
459|LUPC|Gainsboro|3|Non-Small Cell Lung Cancer|Pleomorphic Carcinoma of the Lung|Lung|SOLID|83
460|VMGCT|Purple|3|Germ Cell Tumor|Mixed Germ Cell Tumor|Vulva/Vagina|SOLID|383
461|GCLC|Gainsboro|4|Non-Small Cell Lung Cancer|Giant Cell Carcinoma of the Lung|Lung|SOLID|342
462|OFMT|LightYellow|3|Soft Tissue Sarcoma|Ossifying Fibromyxoid Tumor|Soft Tissue|SOLID|363
463|BPDCN|LightSalmon|3|Blastic Plasmacytoid Dendritic Cell Neoplasm|Blastic Plasmacytoid Dendritic Cell Neoplasm|Myeloid|LIQUID|174
464|PACT|Purple|2|Pancreatic Cancer|Cystic Tumor of the Pancreas|Pancreas|SOLID|525
465|EHCH|Green|3|Hepatobiliary Cancer|Extrahepatic Cholangiocarcinoma|Biliary Tract|SOLID|283
466|LUSC|Gainsboro|3|Non-Small Cell Lung Cancer|Lung Squamous Cell Carcinoma|Lung|SOLID|83
467|FLC|MediumSeaGreen|2|Hepatobiliary Cancer|Fibrolamellar Carcinoma|Liver|SOLID|567
468|TAML|LightSalmon|5|Leukemia|Therapy-Related Acute Myeloid Leukemia|Myeloid|LIQUID|418
469|CMC|SaddleBrown|2|Colorectal Cancer|Medullary Carcinoma of the Colon|Bowel|SOLID|289
470|APTAD|Gray|3|Sellar Tumor|Atypical Pituitary Adenoma|CNS/Brain|SOLID|26
471|ATM|Gray|3|CNS Cancer|Atypical Meningioma|CNS/Brain|SOLID|750
472|MYCF|LimeGreen|5|Mature T and NK Neoplasms|Mycosis Fungoides|Lymphoid|LIQUID|243
473|MASCC|HotPink|4|Breast Cancer|Metaplastic Adenocarcinoma with Spindle Cell Differentiation|Breast|SOLID|839
474|CHOM|Gray|3|CNS Cancer|Chordoid Meningioma|CNS/Brain|SOLID|750
475|LUNG|Gainsboro|1|Lung Cancer, NOS|Lung|Lung|SOLID|491
476|ALT|LightYellow|2|Soft Tissue Sarcoma|Atypical Lipomatous Tumor|Soft Tissue|SOLID|683
477|VPDC|Purple|2|Vaginal Cancer|Poorly Differentiated Vaginal Carcinoma|Vulva/Vagina|SOLID|853
478|AFX|Black|2|Skin Cancer, Non-Melanoma|Atypical Fibroxanthoma|Skin|SOLID|543
479|MBOV|LightBlue|3|Ovarian Cancer|Mucinous Borderline Ovarian Tumor|Ovary/Fallopian Tube|SOLID|168
480|PMA|Gray|3|Glioma|Pilomyxoid Astrocytoma|CNS/Brain|SOLID|54
481|PSCC|Blue|2|Penile Cancer|Penile Squamous Cell Carcinoma|Penis|SOLID|737
482|CEAIS|Teal|2|Cervical Cancer|Cervical Adenocarcinoma In Situ|Cervix|SOLID|80
483|ODYS|LightBlue|3|Germ Cell Tumor|Dysgerminoma|Ovary/Fallopian Tube|SOLID|84
484|FHRCC|Orange|4|Renal Cell Carcinoma|FH-Deficient Renal Cell Carcinoma|Kidney|SOLID|380
485|PD|HotPink|3|Breast Cancer|Paget Disease of the Nipple|Breast|SOLID|315
486|FRCT|LightSalmon|4|Histiocytosis|Fibroblastic Reticular Cell Tumor|Myeloid|LIQUID|352
487|AUL|LightSalmon|4|Leukemia|Acute Undifferentiated Leukemia|Myeloid|LIQUID|734
488|TLGL|LimeGreen|5|Mature T and NK Neoplasms|T-Cell Large Granular Lymphocytic Leukemia|Lymphoid|LIQUID|243
489|ARMM|SaddleBrown|2|Melanoma|Anorectal Mucosal Melanoma|Bowel|SOLID|289
490|DLBCLNOS|LimeGreen|5|Mature B-Cell Neoplasms|Diffuse Large B-Cell Lymphoma, NOS|Lymphoid|LIQUID|530
491|TISSUE||0||Tissue||MIXED|
492|PCLPD|LimeGreen|5|Mature T and NK Neoplasms|Primary Cutaneous CD30 Positive T-Cell Lymphoproliferative Disorders|Lymphoid|LIQUID|243
493|PMFOFS|LightSalmon|5|Myeloproliferative Neoplasms|Primary Myelofibrosis,Overt Fibrotic Stage|Myeloid|LIQUID|632
494|PCNSM|LightSkyBlue|3|Melanoma|Primary CNS Melanoma|CNS/Brain|SOLID|96
495|THME|Teal|2|Thyroid Cancer|Medullary Thyroid Cancer|Thyroid|SOLID|648
496|IDC|HotPink|3|Breast Cancer|Breast Invasive Ductal Carcinoma|Breast|SOLID|338
497|TSTAD|LightSkyBlue|4|Esophagogastric Cancer|Tubular Stomach Adenocarcinoma|Esophagus/Stomach|SOLID|620
498|NSCLCPD|Gainsboro|3|Non-Small Cell Lung Cancer|Poorly Differentiated Non-Small Cell Lung Cancer|Lung|SOLID|83
499|UNEC|PeachPuff|3|Endometrial Cancer|Uterine Neuroendocrine Carcinoma|Uterus|SOLID|687
500|CHL|LimeGreen|4|Hodgkin Lymphoma|Classical Hodgkin Lymphoma|Lymphoid|LIQUID|727
501|OSMAD|LightBlue|3|Ovarian Cancer|Ovarian Seromucinous Adenoma|Ovary/Fallopian Tube|SOLID|168
502|BLCA|Yellow|2|Bladder Cancer|Bladder Urothelial Carcinoma|Bladder/Urinary Tract|SOLID|108
503|CSNOS|HotPink|3|Breast Cancer|Breast Invasive Carcinosarcoma, NOS|Breast|SOLID|338
504|PPTLD|LimeGreen|4|Posttransplant Lymphoproliferative Disorders|Polymorphic PTLD|Lymphoid|LIQUID|55
505|USCC|Yellow|3|Bladder Cancer|Urethral Squamous Cell Carcinoma|Bladder/Urinary Tract|SOLID|647
506|CELI|Teal|2|Cervical Cancer|Cervical Leiomyosarcoma|Cervix|SOLID|80
507|EMCHS|White|3|Bone Cancer|Extraskeletal Myxoid Chondrosarcoma|Bone|SOLID|742
508|HHV8DLBCL|LimeGreen|5|Mature B-Cell Neoplasms|HHV8 Positive DLBCL, NOS|Lymphoid|LIQUID|530
509|ONBL|Gray|3|Embryonal Tumor|Olfactory Neuroblastoma|CNS/Brain|SOLID|347
510|HGONEC|LightBlue|3|Ovarian Cancer|High-Grade Neuroendocrine Carcinoma of the Ovary|Ovary/Fallopian Tube|SOLID|861
511|SPZM|Black|3|Melanoma|Spitzoid Melanoma|Skin|SOLID|453
512|IMTL|Gainsboro|2|Non-Small Cell Lung Cancer|Inflammatory Myofibroblastic Lung Tumor|Lung|SOLID|475
513|BLLIL3IGH|LimeGreen|5|B-Lymphoblastic Leukemia/Lymphoma|B-Lymphoblastic Leukemia/Lymphoma with t(5;14)(q31.1;q32.3) IL3-IGH|Lymphoid|LIQUID|45
514|PBS|HotPink|2|Breast Sarcoma|Breast Sarcoma|Breast|SOLID|799
515|UMC|PeachPuff|3|Endometrial Cancer|Uterine Mucinous Carcinoma|Uterus|SOLID|687
516|VMT|Purple|3|Germ Cell Tumor|Mature Teratoma|Vulva/Vagina|SOLID|383
517|SMMCL|LightSalmon|5|Mastocytosis|Mast Cell Leukemia|Myeloid|LIQUID|204
518|MPC|LightYellow|2|Soft Tissue Sarcoma|Myopericytoma|Soft Tissue|SOLID|683
519|ASTB|Gray|3|Miscellaneous Neuroepithelial Tumor|Astroblastoma|CNS/Brain|SOLID|420
520|ICEMU|Teal|4|Cervical Cancer|Intestinal Type Mucinous Carcinoma|Cervix|SOLID|830
521|DDCHS|White|3|Bone Cancer|Dedifferentiated Chondrosarcoma|Bone|SOLID|742
522|SACA|DarkRed|2|Salivary Gland Cancer|Salivary Carcinoma|Head and Neck|SOLID|303
523|PADA|DarkRed|3|Salivary Gland Cancer|Pleomorphic Adenoma|Head and Neck|SOLID|522
524|PLRMS|LightYellow|3|Soft Tissue Sarcoma|Pleomorphic Rhabdomyosarcoma|Soft Tissue|SOLID|211
525|PANCREAS|Purple|1|Pancreatic Cancer, NOS|Pancreas|Pancreas|SOLID|491
526|HNMUCM|DarkRed|2|Melanoma|Head and Neck Mucosal Melanoma|Head and Neck|SOLID|303
527|AML|LightSalmon|3|Leukemia|Acute Myeloid Leukemia|Myeloid|LIQUID|174
528|RWDNET|SaddleBrown|3|Gastrointestinal Neuroendocrine Tumor|Well-Differentiated Neuroendocrine Tumor of the Rectum|Bowel|SOLID|399
529|CCOC|DarkRed|4|Head and Neck Cancer|Clear Cell Odontogenic Carcinoma|Head and Neck|SOLID|340
530|MBN|LimeGreen|4|Mature B-Cell Neoplasms|Mature B-Cell Neoplasms|Lymphoid|LIQUID|576
531|HGBCLMYCBCL2|LimeGreen|5|Mature B-Cell Neoplasms|High-Grade B-Cell Lymphoma, with MYC and BCL2 and/or BCL6 Rearrangements|Lymphoid|LIQUID|530
532|LNET|Gainsboro|2|Non-Small Cell Lung Cancer|Lung Neuroendocrine Tumor|Lung|SOLID|475
533|CLLSLL|LimeGreen|5|Mature B-Cell Neoplasms|Chronic Lymphocytic Leukemia/Small Lymphocytic Lymphoma|Lymphoid|LIQUID|530
534|LPL|LimeGreen|5|Mature B-Cell Neoplasms|Lymphoplasmacytic Lymphoma|Lymphoid|LIQUID|530
535|LUACC|Gainsboro|4|Non-Small Cell Lung Cancer|Adenoid Cystic Carcinoma of the Lung|Lung|SOLID|287
536|MAAP|SaddleBrown|3|Appendiceal Cancer|Mucinous Adenocarcinoma of the Appendix|Bowel|SOLID|566
537|AMKL|LightSalmon|5|Leukemia|Acute Megakaryoblastic Leukemia|Myeloid|LIQUID|601
538|ABC|LimeGreen|6|Mature B-Cell Neoplasms|Activated B-cell Type|Lymphoid|LIQUID|490
539|PMHE|LightYellow|2|Soft Tissue Sarcoma|Pseudomyogenic Hemangioendothelioma|Soft Tissue|SOLID|683
540|PRNET|Gray|3|Miscellaneous Brain Tumor|Primary Neuroepithelial Tumor|CNS/Brain|SOLID|587
541|STOMACH|LightSkyBlue|1|Esophageal/Stomach Cancer, NOS|Esophagus/Stomach|Esophagus/Stomach|SOLID|491
542|BA|HotPink|3|Breast Sarcoma|Breast Angiosarcoma|Breast|SOLID|514
543|SKIN|Black|1|Skin Cancer, NOS|Skin|Skin|SOLID|491
544|HGNET|Gray|3|Miscellaneous Brain Tumor|High-Grade Neuroepithelial Tumor|CNS/Brain|SOLID|587
545|CELNOS|LightSalmon|4|Myeloproliferative Neoplasms|Chronic Eosinophilic Leukemia, NOS|Myeloid|LIQUID|185
546|ECAD|Teal|3|Cervical Cancer|Endocervical Adenocarcinoma|Cervix|SOLID|159
547|SOC|LightBlue|3|Ovarian Cancer|Serous Ovarian Cancer|Ovary/Fallopian Tube|SOLID|168
548|BLSC|Yellow|2|Bladder Cancer|Bladder Squamous Cell Carcinoma|Bladder/Urinary Tract|SOLID|108
549|MBL|Gray|3|Embryonal Tumor|Medulloblastoma|CNS/Brain|SOLID|347
550|CHBL|White|2|Bone Cancer|Chondroblastoma|Bone|SOLID|389
551|ES|White|2|Bone Cancer|Ewing Sarcoma|Bone|SOLID|389
552|UCP|Purple|2|Pancreatic Cancer|Undifferentiated Carcinoma of the Pancreas|Pancreas|SOLID|525
553|GBC|Green|2|Hepatobiliary Cancer|Gallbladder Cancer|Biliary Tract|SOLID|393
554|JXG|LightSalmon|4|Histiocytosis|Disseminated Juvenile Xanthogranuloma|Myeloid|LIQUID|352
555|DIA|Gray|3|Miscellaneous Neuroepithelial Tumor|Desmoplastic Infantile Astrocytoma|CNS/Brain|SOLID|420
556|PBL|Gray|3|Pineal Tumor|Pineoblastoma|CNS/Brain|SOLID|266
557|OVARY|LightBlue|1|Ovarian/Fallopian Tube Cancer, NOS|Ovary/Fallopian Tube|Ovary/Fallopian Tube|SOLID|491
558|PTCA|Gray|3|Sellar Tumor|Pituitary Carcinoma|CNS/Brain|SOLID|26
559|SNA|DarkRed|3|Head and Neck Cancer|Sinonasal Adenocarcinoma|Head and Neck|SOLID|4
560|CML|LightSalmon|4|Myeloproliferative Neoplasms|Chronic Myelogenous Leukemia|Myeloid|LIQUID|185
561|UDDC|PeachPuff|3|Endometrial Cancer|Uterine Dedifferentiated Carcinoma|Uterus|SOLID|687
562|TSCST|Red|2|Sex Cord Stromal Tumor|Sex Cord Stromal Tumor|Testis|SOLID|623
563|HDCS|LightYellow|3|Soft Tissue Sarcoma|Histiocytic Dendritic Cell Sarcoma|Soft Tissue|SOLID|837
564|MASC|HotPink|4|Breast Cancer|Metaplastic Adenosquamous Carcinoma|Breast|SOLID|839
565|AOAST|Gray|3|Glioma|Anaplastic Oligoastrocytoma|CNS/Brain|SOLID|619
566|APAD|SaddleBrown|2|Appendiceal Cancer|Appendiceal Adenocarcinoma|Bowel|SOLID|289
567|LIVER|MediumSeaGreen|1|Liver Cancer, NOS|Liver|Liver|SOLID|491
568|MCCE|Teal|2|Cervical Cancer|Mixed Cervical Carcinoma|Cervix|SOLID|80
569|EMYOCA|DarkRed|3|Head and Neck Cancer|Epithelial-Myoepithelial Carcinoma|Head and Neck|SOLID|4
570|LUAS|Gainsboro|3|Non-Small Cell Lung Cancer|Lung Adenosquamous Carcinoma|Lung|SOLID|83
571|CEMN|Teal|3|Cervical Cancer|Mesonephric Carcinoma|Cervix|SOLID|159
572|HNMASC|DarkRed|3|Salivary Gland Cancer|Mammary Analogue Secretory Carcinoma of Salivary Gland Origin|Head and Neck|SOLID|522
573|BLCLC|Gainsboro|4|Non-Small Cell Lung Cancer|Basaloid Large Cell Carcinoma of the Lung|Lung|SOLID|342
574|BIMT|Gray|3|Germ Cell Tumor|Immature Teratoma|CNS/Brain|SOLID|238
575|MPTLD|LimeGreen|4|Posttransplant Lymphoproliferative Disorders|Monomorphic PTLD (B- and T-/NK-cell types)|Lymphoid|LIQUID|55
576|NHL|LimeGreen|3|Non-Hodgkin Lymphoma|Non-Hodgkin Lymphoma|Lymphoid|LIQUID|31
577|MNGLP|LightSalmon|3|Myeloid Neoplasms with Germ Line Predisposition|Myeloid Neoplasms with Germ Line Predisposition|Myeloid|LIQUID|174
578|SMZL|LimeGreen|6|Mature B-Cell Neoplasms|Splenic Marginal Zone Lymphoma|Lymphoid|LIQUID|643
579|CDRCC|Orange|4|Renal Cell Carcinoma|Collecting Duct Renal Cell Carcinoma|Kidney|SOLID|380
580|LGCOS|White|3|Bone Cancer|Low-Grade Central Osteosarcoma|Bone|SOLID|631
581|CHM|PeachPuff|4|Gestational Trophoblastic Disease|Complete Hydatidiform Mole|Uterus|SOLID|354
582|RCSNOS|LightYellow|2|Soft Tissue Sarcoma|Round Cell Sarcoma, NOS|Soft Tissue|SOLID|683
583|ISTAD|LightSkyBlue|4|Esophagogastric Cancer|Intestinal Type Stomach Adenocarcinoma|Esophagus/Stomach|SOLID|620
584|GHCD|LimeGreen|5|Mature B-Cell Neoplasms|Gamma Heavy-Chain Disease|Lymphoid|LIQUID|530
585|SCEMU|Teal|4|Cervical Cancer|Signet Ring Mucinous Carcinoma|Cervix|SOLID|830
586|MCL|LimeGreen|5|Mature B-Cell Neoplasms|Mantle Cell Lymphoma|Lymphoid|LIQUID|530
587|MBT|Gray|2|Miscellaneous Brain Tumor|Miscellaneous Brain Tumor|CNS/Brain|SOLID|644
588|PCLBCLLT|LimeGreen|5|Mature B-Cell Neoplasms|Primary Cutaneous DLBCL, Leg Type|Lymphoid|LIQUID|530
589|CMML0|LightSalmon|5|Myelodysplastic/Myeloproliferative Neoplasms|Chronic Myelomonocytic Leukemia-0|Myeloid|LIQUID|224
590|AMLGATA2MECOM|LightSalmon|5|Leukemia|AML with inv(3)(q21.3q26.2) or t(3;3)(q21.3;q26.2); GATA2, MECOM|Myeloid|LIQUID|198
591|UTUC|Yellow|2|Bladder Cancer|Upper Tract Urothelial Carcinoma|Bladder/Urinary Tract|SOLID|108
592|GBAD|Green|3|Hepatobiliary Cancer|Gallbladder Adenocarcinoma, NOS|Biliary Tract|SOLID|553
593|STSC|LightSkyBlue|3|Esophagogastric Cancer|Small Cell Carcinoma of the Stomach|Esophagus/Stomach|SOLID|361
594|SCB|Yellow|2|Bladder Cancer|Sarcomatoid Carcinoma of the Urinary Bladder|Bladder/Urinary Tract|SOLID|108
595|UMEC|PeachPuff|3|Endometrial Cancer|Uterine Mixed Endometrial Carcinoma|Uterus|SOLID|687
596|SCCRCC|Orange|4|Renal Cell Carcinoma|Renal Clear Cell Carcinoma with Sarcomatoid Features|Kidney|SOLID|244
597|CMLBCRABL1|LightSalmon|5|Myeloproliferative Neoplasms|Chronic Myeloid Leukemia, BCR-ABL1+|Myeloid|LIQUID|560
598|EPIS|LightYellow|2|Soft Tissue Sarcoma|Epithelioid Sarcoma|Soft Tissue|SOLID|683
599|SCOAH|Gray|3|Sellar Tumor|Spindle Cell Oncocytoma of the Adenohypophysis|CNS/Brain|SOLID|26
600|MCHSCNS|Gray|3|Miscellaneous Brain Tumor|Mesenchymal Chondrosarcoma of the CNS|CNS/Brain|SOLID|587
601|AMLNOS|LightSalmon|4|Leukemia|AML, NOS|Myeloid|LIQUID|527
602|BTOV|LightBlue|3|Ovarian Cancer|Brenner Tumor|Ovary/Fallopian Tube|SOLID|168
603|ETANTR|Gray|3|Embryonal Tumor|Embryonal Tumor with Abundant Neuropil and True Rosettes|CNS/Brain|SOLID|347
604|BPT|HotPink|4|Breast Sarcoma|Benign Phyllodes Tumor of the Breast|Breast|SOLID|442
605|SAAD|DarkRed|3|Salivary Gland Cancer|Salivary Adenocarcinoma|Head and Neck|SOLID|522
606|MDSSLD|LightSalmon|4|Myelodysplastic Syndromes|MDS with Single Lineage Dysplasia|Myeloid|LIQUID|355
607|FDCS|LightYellow|4|Soft Tissue Sarcoma|Follicular Dendritic Cell Sarcoma|Myeloid|LIQUID|352
608|RGNT|Gray|3|Miscellaneous Neuroepithelial Tumor|Rosette-forming Glioneuronal Tumor of the Fourth Ventricle|CNS/Brain|SOLID|420
609|WPSCC|Blue|3|Penile Cancer|Warty Penile Squamous Cell Carcinoma|Penis|SOLID|481
610|ACA|Purple|2|Adrenocortical Adenoma|Adrenocortical Adenoma|Adrenal Gland|SOLID|38
611|ECD|LightSalmon|4|Histiocytosis|Erdheim-Chester Disease|Myeloid|LIQUID|352
612|PAC|DarkRed|3|Salivary Gland Cancer|Polymorphous Adenocarcinoma|Head and Neck|SOLID|522
613|SEBVTLC|LimeGreen|5|Mature T and NK Neoplasms|Systemic EBV Positive T-Cell Lymphoma of Childhood|Lymphoid|LIQUID|243
614|UAS|PeachPuff|3|Uterine Sarcoma|Uterine Adenosarcoma|Uterus|SOLID|114
615|LGFMS|LightYellow|2|Soft Tissue Sarcoma|Low-Grade Fibromyxoid Sarcoma|Soft Tissue|SOLID|683
616|PB|Purple|2|Pancreatic Cancer|Pancreatoblastoma|Pancreas|SOLID|525
617|SEM|Red|2|Germ Cell Tumor|Seminoma|Testis|SOLID|623
618|HSTCL|LimeGreen|5|Mature T and NK Neoplasms|Hepatosplenic T-cell Lymphoma|Lymphoid|LIQUID|243
619|DIFG|Gray|2|Glioma|Diffuse Glioma|CNS/Brain|SOLID|644
620|STAD|LightSkyBlue|3|Esophagogastric Cancer|Stomach Adenocarcinoma|Esophagus/Stomach|SOLID|361
621|PCALCL|LimeGreen|6|Mature T and NK Neoplasms|Primary Cutaneous Anaplastic Large Cell Lymphoma|Lymphoid|LIQUID|492
622|DTE|Black|2|Skin Cancer, Non-Melanoma|Desmoplastic Trichoepithelioma|Skin|SOLID|543
623|TESTIS|Red|1|Testicular Cancer, NOS|Testis|Testis|SOLID|491
624|CAEXPA|DarkRed|3|Salivary Gland Cancer|Carcinoma ex Pleomorphic Adenoma|Head and Neck|SOLID|522
625|POCA|Black|2|Skin Cancer, Non-Melanoma|Porocarcinoma/Spiroadenocarcinoma|Skin|SOLID|543
626|UESL|MediumSeaGreen|2|Undifferentiated Embryonal Sarcoma of the Liver|Undifferentiated Embryonal Sarcoma of the Liver|Liver|SOLID|567
627|LCIS|HotPink|2|Breast Cancer|Breast Lobular Carcinoma In Situ|Breast|SOLID|799
628|ANSC|SaddleBrown|2|Anal Cancer|Anal Squamous Cell Carcinoma|Bowel|SOLID|289
629|UTERUS|PeachPuff|1|Uterine Cancer, NOS|Uterus|Uterus|SOLID|491
630|SCLG|Green|3|Lacrimal Gland Tumor|Squamous Cell Carcinoma of the Lacrimal Gland|Eye|SOLID|21
631|OS|White|2|Bone Cancer|Osteosarcoma|Bone|SOLID|389
632|PMF|LightSalmon|4|Myeloproliferative Neoplasms|Primary Myelofibrosis|Myeloid|LIQUID|185
633|MPALTNOS|LightSalmon|4|Leukemia|Mixed Phenotype Acute Leukemia, T/Myeloid, NOS|Myeloid|LIQUID|734
634|SARCL|Gainsboro|2|Non-Small Cell Lung Cancer|Sarcomatoid Carcinoma of the Lung|Lung|SOLID|475
635|ODG|Gray|3|Glioma|Oligodendroglioma|CNS/Brain|SOLID|619
636|EP|LimeGreen|5|Mature B-Cell Neoplasms|Extraosseous Plasmacytoma|Lymphoid|LIQUID|530
637|ESS|PeachPuff|3|Uterine Sarcoma|Endometrial Stromal Sarcoma|Uterus|SOLID|114
638|NFIB|Gray|3|Nerve Sheath Tumor|Neurofibroma|Peripheral Nervous System|SOLID|242
639|MRLS|LightYellow|3|Soft Tissue Sarcoma|Myxoid/Round-Cell Liposarcoma|Soft Tissue|SOLID|313
640|GCTB|White|2|Bone Cancer|Giant Cell Tumor of Bone|Bone|SOLID|389
641|GS|LightYellow|2|Soft Tissue Sarcoma|Glomangiosarcoma|Soft Tissue|SOLID|683
642|GIST|LightYellow|2|Gastrointestinal Stromal Tumor|Gastrointestinal Stromal Tumor|Soft Tissue|SOLID|683
643|MZL|LimeGreen|5|Mature B-Cell Neoplasms|Marginal Zone Lymphoma|Lymphoid|LIQUID|530
644|BRAIN|Gray|1|CNS/Brain Cancer, NOS|CNS/Brain|CNS/Brain|SOLID|491
645|PCM|LimeGreen|5|Mature B-Cell Neoplasms|Plasma Cell Myeloma|Lymphoid|LIQUID|530
646|SPIR|Black|2|Skin Cancer, Non-Melanoma|Spiroma/Spiradenoma|Skin|SOLID|543
647|UCA|Yellow|2|Bladder Cancer|Urethral Cancer|Bladder/Urinary Tract|SOLID|108
648|THYROID|Teal|1|Thyroid Cancer, NOS|Thyroid|Thyroid|SOLID|491
649|MPT|HotPink|4|Breast Sarcoma|Malignant Phyllodes Tumor of the Breast|Breast|SOLID|442
650|MLNPDGFRB|LightSalmon|4|Leukemia|Myeloid/Lymphoid Neoplasms with PDGFRB Rearrangement|Myeloid|LIQUID|693
651|PSTT|PeachPuff|3|Gestational Trophoblastic Disease|Placental Site Trophoblastic Tumor|Uterus|SOLID|417
652|BRCNOS|HotPink|3|Breast Cancer|Breast Invasive Carcinoma, NOS|Breast|SOLID|338
653|PPB|Gainsboro|2|Non-Small Cell Lung Cancer|Pleuropulmonary Blastoma|Lung|SOLID|475
654|OSMCA|LightBlue|3|Ovarian Cancer|Ovarian Seromucinous Carcinoma|Ovary/Fallopian Tube|SOLID|168
655|BFN|HotPink|2|Breast Sarcoma|Breast Fibroepithelial Neoplasms|Breast|SOLID|799
656|LCS|LightSalmon|4|Histiocytosis|Langerhans Cell Sarcoma|Myeloid|LIQUID|352
657|SCOS|White|3|Bone Cancer|Small Cell Osteosarcoma|Bone|SOLID|631
658|SMAHN|LightSalmon|5|Mastocytosis|Systemic Mastocytosis with an Associated Hematological Neoplasm|Myeloid|LIQUID|204
659|ANKL|LimeGreen|5|Mature T and NK Neoplasms|Aggressive NK-Cell Leukemia|Lymphoid|LIQUID|243
660|AA|LightYellow|2|Soft Tissue Sarcoma|Aggressive Angiomyxoma|Soft Tissue|SOLID|683
661|GBASC|Green|3|Hepatobiliary Cancer|Adenosquamous Carcinoma of the Gallbladder|Biliary Tract|SOLID|553
662|LRCHL|LimeGreen|5|Hodgkin Lymphoma|Lymphocyte-Rich Classical Hodgkin Lymphoma|Lymphoid|LIQUID|500
663|ATRT|Gray|3|Embryonal Tumor|Atypical Teratoid/Rhabdoid Tumor|CNS/Brain|SOLID|347
664|CLPDNK|LimeGreen|5|Mature T and NK Neoplasms|Chronic Lymphoproliferative Disorder of NK Cells|Lymphoid|LIQUID|243
665|PRNE|Cyan|2|Prostate Cancer|Prostate Neuroendocrine Carcinoma|Prostate|SOLID|374
666|GB|Gray|3|Glioma|Glioblastoma|CNS/Brain|SOLID|619
667|LM|LightYellow|2|Soft Tissue Cancer|Leiomyoma|Soft Tissue|SOLID|683
668|FT|LightBlue|3|Sex Cord Stromal Tumor|Fibrothecoma|Ovary/Fallopian Tube|SOLID|8
669|GNG|Gray|3|Glioma|Ganglioglioma|CNS/Brain|SOLID|54
670|DFL|LimeGreen|6|Mature B-Cell Neoplasms|Duodenal-Type Follicular Lymphoma|Lymphoid|LIQUID|286
671|AMLMD|LightSalmon|5|Leukemia|AML with Minimal Differentiation|Myeloid|LIQUID|601
672|MPALBNOS|LightSalmon|4|Leukemia|Mixed Phenotype Acute Leukemia, B/Myeloid, NOS|Myeloid|LIQUID|734
673|SARCNOS|LightYellow|2|Soft Tissue Sarcoma|Sarcoma, NOS|Soft Tissue|SOLID|683
674|FA|HotPink|3|Breast Sarcoma|Fibroadenoma|Breast|SOLID|655
675|MHCD|LimeGreen|5|Mature B-Cell Neoplasms|Mu Heavy-Chain Disease|Lymphoid|LIQUID|530
676|BLAD|Yellow|2|Bladder Cancer|Bladder Adenocarcinoma|Bladder/Urinary Tract|SOLID|108
677|EOV|LightBlue|3|Ovarian Cancer|Endometrioid Ovarian Cancer|Ovary/Fallopian Tube|SOLID|168
678|STMYEC|LightYellow|2|Soft Tissue Sarcoma|Soft Tissue Myoepithelial Carcinoma|Soft Tissue|SOLID|683
679|AGNG|Gray|3|Glioma|Anaplastic Ganglioglioma|CNS/Brain|SOLID|54
680|RCYC|LightSalmon|4|Myelodysplastic Syndromes|Refractory Cytopenia of Childhood|Myeloid|LIQUID|355
681|LYP|LimeGreen|6|Mature T and NK Neoplasms|Lymphomatoid Papulosis|Lymphoid|LIQUID|492
682|MSCC|HotPink|4|Breast Cancer|Metaplastic Squamous Cell Carcinoma|Breast|SOLID|839
683|SOFT_TISSUE|LightYellow|1|Soft Tissue Cancer, NOS|Soft Tissue|Soft Tissue|SOLID|491
684|PTHC|DarkRed|3|Parathyroid Cancer|Parathyroid Carcinoma|Head and Neck|SOLID|288
685|CEAS|Teal|2|Cervical Cancer|Cervical Adenosquamous Carcinoma|Cervix|SOLID|80
686|THYMUS|Purple|1|Thymic Cancer, NOS|Thymus|Thymus|SOLID|491
687|UCEC|PeachPuff|2|Endometrial Cancer|Endometrial Carcinoma|Uterus|SOLID|629
688|BLLBCRABL1L|LimeGreen|5|B-Lymphoblastic Leukemia/Lymphoma|B-Lymphoblastic Leukemia/Lymphoma, BCR-ABL1 Like|Lymphoid|LIQUID|45
689|CSCLC|Gainsboro|2|Small Cell Lung Cancer|Combined Small Cell Lung Carcinoma|Lung|SOLID|475
690|PAMPCA|Purple|3|Ampullary Cancer|Pancreatobiliary Ampullary Carcinoma|Ampulla of Vater|SOLID|732
691|MLNPCM1JAK2|LightSalmon|4|Leukemia|Myeloid/Lymphoid Neoplasms with PCM1-JAK2|Myeloid|LIQUID|693
692|JMML|LightSalmon|4|Myelodysplastic/Myeloproliferative Neoplasms|Juvenile Myelomonocytic Leukemia|Myeloid|LIQUID|285
693|MLNER|LightSalmon|3|Leukemia|Myeloid/Lymphoid Neoplasms with Eosinophilia and Rearrangement of  PDGFRA/PDGFRB or FGFR1 or with PCM1-JAK2|Myeloid|LIQUID|174
694|PCGDTCL|LimeGreen|5|Mature T and NK Neoplasms|Primary Cutaneous Gamma Delta T-Cell Lymphoma|Lymphoid|LIQUID|243
695|ET|LightSalmon|4|Myeloproliferative Neoplasms|Essential Thrombocythemia|Myeloid|LIQUID|185
696|PHM|PeachPuff|4|Gestational Trophoblastic Disease|Partial Hydatidiform Mole|Uterus|SOLID|354
697|CPC|Gray|3|Choroid Plexus Tumor|Choroid Plexus Carcinoma|CNS/Brain|SOLID|746
698|SKCM|Black|3|Melanoma|Cutaneous Melanoma|Skin|SOLID|453
699|ACC|Purple|2|Adrenocortical Carcinoma|Adrenocortical Carcinoma|Adrenal Gland|SOLID|38
700|ADNOS|Black|3|Cancer of Unknown Primary|Adenocarcinoma, NOS|Other|SOLID|712
701|TRCC|Orange|4|Renal Cell Carcinoma|Translocation-Associated Renal Cell Carcinoma|Kidney|SOLID|380
702|SCCNOS|Black|3|Cancer of Unknown Primary|Squamous Cell Carcinoma, NOS|Other|SOLID|712
703|SCSRMS|LightYellow|3|Soft Tissue Sarcoma|Spindle Cell/Sclerosing Rhabdomyosarcoma|Soft Tissue|SOLID|211
704|CACC|Teal|2|Cervical Cancer|Cervical Adenoid Cystic Carcinoma|Cervix|SOLID|80
705|IHM|PeachPuff|4|Gestational Trophoblastic Disease|Invasive Hydatidiform Mole|Uterus|SOLID|354
706|HGBCL|LimeGreen|5|Mature B-Cell Neoplasms|High-Grade B-Cell Lymphoma, NOS|Lymphoid|LIQUID|530
707|PLEURA|Blue|1|Pleural Cancer, NOS|Pleura|Pleura|SOLID|491
708|VOEC|Purple|3|Germ Cell Tumor|Embryonal Carcinoma|Vulva/Vagina|SOLID|383
709|MDSU|LightSalmon|4|Myelodysplastic Syndromes|MDS, Unclassifiable|Myeloid|LIQUID|355
710|PPTID|Gray|3|Pineal Tumor|Pineal Parenchymal Tumor of Intermediate Differentiation|CNS/Brain|SOLID|266
711|CCOV|LightBlue|3|Ovarian Cancer|Clear Cell Ovarian Cancer|Ovary/Fallopian Tube|SOLID|168
712|CUP|Black|2|Cancer of Unknown Primary|Cancer of Unknown Primary|Other|SOLID|716
713|GNOS|Gray|3|Glioma|Glioma, NOS|CNS/Brain|SOLID|619
714|RAML|Orange|4|Renal Cell Carcinoma|Renal Angiomyolipoma|Kidney|SOLID|380
715|HVLL|LimeGreen|5|Mature T and NK Neoplasms|Hydroa Vacciniforme Like Lymphoproliferative Disorder|Lymphoid|LIQUID|243
716|OTHER|Black|1|Other Cancer, NOS|Other|Other|SOLID|491
717|OCSC|DarkRed|3|Head and Neck Cancer|Oral Cavity Squamous Cell Carcinoma|Head and Neck|SOLID|44
718|SDRPL|LimeGreen|6|Mature B-Cell Neoplasms|Splenic Diffuse Red Pulp Small B-Cell Lymphoma|Lymphoid|LIQUID|3
719|ANGS|LightYellow|2|Soft Tissue Sarcoma|Angiosarcoma|Soft Tissue|SOLID|683
720|GEJ|LightSkyBlue|3|Esophagogastric Cancer|Adenocarcinoma of the Gastroesophageal Junction|Esophagus/Stomach|SOLID|361
721|CPP|Gray|3|Choroid Plexus Tumor|Choroid Plexus Papilloma|CNS/Brain|SOLID|746
722|IVBCL|LimeGreen|5|Mature B-Cell Neoplasms|Intravascular Large B-Cell Lymphoma|Lymphoid|LIQUID|530
723|NLPHL|LimeGreen|4|Hodgkin Lymphoma|Nodular Lymphocyte-Predominant Hodgkin Lymphoma|Lymphoid|LIQUID|727
724|THYC|Purple|3|Thymic Tumor|Thymic Carcinoma|Thymus|SOLID|291
725|ILC|HotPink|3|Breast Cancer|Breast Invasive Lobular Carcinoma|Breast|SOLID|338
726|PCNSL|LimeGreen|5|Mature B-Cell Neoplasms|Primary DLBCL of the central nervous system|Lymphoid|LIQUID|530
727|HL|LimeGreen|3|Hodgkin Lymphoma|Hodgkin Lymphoma|Lymphoid|LIQUID|31
728|LAMN|SaddleBrown|2|Appendiceal Cancer|Low-grade Appendiceal Mucinous Neoplasm|Bowel|SOLID|289
729|PBT|Gray|3|Miscellaneous Brain Tumor|Primary Brain Tumor|CNS/Brain|SOLID|587
730|ULM|PeachPuff|4|Uterine Sarcoma|Uterine Leiomyoma|Uterus|SOLID|754
731|ALCL|LimeGreen|5|Mature T and NK Neoplasms|Anaplastic Large Cell Lymphoma|Lymphoid|LIQUID|243
732|AMPCA|Purple|2|Ampullary Cancer|Ampullary Carcinoma|Ampulla of Vater|SOLID|103
733|RNET|Orange|2|Renal Neuroendocrine Tumor|Renal Neuroendocrine Tumor|Kidney|SOLID|431
734|ALAL|LightSalmon|3|Leukemia|Acute Leukemias of Ambiguous Lineage|Myeloid|LIQUID|174
735|DNT|Gray|3|Glioma|Dysembryoplastic Neuroepithelial Tumor|CNS/Brain|SOLID|54
736|GRCT|LightBlue|3|Sex Cord Stromal Tumor|Granulosa Cell Tumor|Ovary/Fallopian Tube|SOLID|8
737|PENIS|Blue|1|Penile Cancer, NOS|Penis|Penis|SOLID|491
738|ACYC|DarkRed|3|Salivary Gland Cancer|Adenoid Cystic Carcinoma|Head and Neck|SOLID|522
739|VPSCC|Blue|3|Penile Cancer|Verrucous Penile Squamous Cell Carcinoma|Penis|SOLID|481
740|MCCHL|LimeGreen|5|Hodgkin Lymphoma|Mixed Cellularity Classical Hodgkin Lymphoma|Lymphoid|LIQUID|500
741|CEEN|Teal|3|Cervical Cancer|Cervical Endometrioid Carcinoma|Cervix|SOLID|159
742|CHS|White|2|Bone Cancer|Chondrosarcoma|Bone|SOLID|389
743|BLLTCF3PBX1|LimeGreen|5|B-Lymphoblastic Leukemia/Lymphoma|B-Lymphoblastic Leukemia/Lymphoma with t(1;19)(q23;p13.3);TCF3-PBX1|Lymphoid|LIQUID|45
744|BEC|Gray|3|Germ Cell Tumor|Embryonal Carcinoma|CNS/Brain|SOLID|238
745|HGGNOS|Gray|3|Glioma|High-Grade Glioma, NOS|CNS/Brain|SOLID|619
746|CPT|Gray|2|Choroid Plexus Tumor|Choroid Plexus Tumor|CNS/Brain|SOLID|644
747|HPHSC|DarkRed|3|Head and Neck Cancer|Hypopharynx Squamous Cell Carcinoma|Head and Neck|SOLID|44
748|OAT|Teal|2|Thyroid Cancer|Oncocytic Adenoma of the Thyroid|Thyroid|SOLID|648
749|LIHB|MediumSeaGreen|2|Hepatobiliary Cancer|Hepatoblastoma|Liver|SOLID|567
750|MNGT|Gray|2|CNS Cancer|Meningothelial Tumor|CNS/Brain|SOLID|644
751|IMPTLD|LimeGreen|4|Posttransplant Lymphoproliferative Disorders|Infectious Mononucleosis PTLD|Lymphoid|LIQUID|55
752|CCBOV|LightBlue|3|Ovarian Cancer|Clear Cell Borderline Ovarian Tumor|Ovary/Fallopian Tube|SOLID|168
753|DIPG|Gray|3|Glioma|Diffuse Intrinsic Pontine Glioma|CNS/Brain|SOLID|619
754|USMT|PeachPuff|3|Uterine Sarcoma|Uterine Smooth Muscle Tumor|Uterus|SOLID|114
755|PMFPES|LightSalmon|5|Myeloproliferative Neoplasms|Primary Myelofibrosis, Prefibrotic/Early Stage|Myeloid|LIQUID|632
756|ULMS|PeachPuff|4|Uterine Sarcoma|Uterine Leiomyosarcoma|Uterus|SOLID|754
757|GRC|LightSkyBlue|3|Esophagogastric Cancer|Gastric Remnant Adenocarcinoma|Esophagus/Stomach|SOLID|361
758|OUSARC|PeachPuff|3|Uterine Sarcoma|Uterine Sarcoma, Other|Uterus|SOLID|114
759|DLBCLCI|LimeGreen|5|Mature B-Cell Neoplasms|DLBCL Associated with Chronic Inflammation|Lymphoid|LIQUID|530
760|CENE|Teal|2|Cervical Cancer|Cervical Neuroendocrine Tumor|Cervix|SOLID|80
761|LUCA|Gainsboro|3|Non-Small Cell Lung Cancer|Lung Carcinoid|Lung|SOLID|532
762|TEOS|White|3|Bone Cancer|Telangiectatic Osteosarcoma|Bone|SOLID|631
763|MBEN|Gray|3|Embryonal Tumor|Medulloblastoma with Extensive Nodularity|CNS/Brain|SOLID|347
764|THYM|Purple|3|Thymic Tumor|Thymoma|Thymus|SOLID|291
765|ACLG|Green|3|Lacrimal Gland Tumor|Adenoid Cystic Carcinoma of the Lacrimal Gland|Eye|SOLID|21
766|THFO|Teal|3|Thyroid Cancer|Follicular Thyroid Cancer|Thyroid|SOLID|132
767|EPDCA|LightSkyBlue|2|Esophagogastric Cancer|Esophageal Poorly Differentiated Carcinoma|Esophagus/Stomach|SOLID|541
768|ADMA|White|2|Bone Cancer|Adamantinoma|Bone|SOLID|389
769|PECOMA|LightYellow|2|Soft Tissue Sarcoma|Perivascular Epithelioid Cell Tumor|Soft Tissue|SOLID|683
770|MDSEB1|LightSalmon|5|Myelodysplastic Syndromes|MDS with excess blasts-1|Myeloid|LIQUID|362
771|UUS|PeachPuff|3|Uterine Sarcoma|Undifferentiated Uterine Sarcoma|Uterus|SOLID|114
772|BLLNOS|LimeGreen|4|B-Lymphoblastic Leukemia/Lymphoma|B-Lymphoblastic Leukemia/Lymphoma, NOS|Lymphoid|LIQUID|95
773|ACCC|DarkRed|3|Salivary Gland Cancer|Acinic Cell Carcinoma|Head and Neck|SOLID|522
774|SKCN|Black|3|Melanoma|Congenital Nevus|Skin|SOLID|453
775|BLLKMT2A|LimeGreen|5|B-Lymphoblastic Leukemia/Lymphoma|B-Lymphoblastic Leukemia/Lymphoma with t(v;11q23.3);KMT2A Rearranged|Lymphoid|LIQUID|45
776|MMBC|HotPink|3|Breast Cancer|Mixed Type Metaplastic Breast Cancer|Breast|SOLID|10
777|GN|Gray|2|Peripheral Nervous System|Ganglioneuroma|Peripheral Nervous System|SOLID|215
778|SCGBM|Gray|4|Glioma|Small Cell Glioblastoma|CNS/Brain|SOLID|666
779|PCAECTCL|LimeGreen|5|Mature T and NK Neoplasms|Primary Cutaneous CD8 Positive Aggressive Epidermotropic Cytotoxic T-Cell Lymphoma|Lymphoid|LIQUID|243
780|PGNT|Gray|3|Miscellaneous Neuroepithelial Tumor|Papillary Glioneuronal Tumor|CNS/Brain|SOLID|420
781|ESCC|LightSkyBlue|2|Esophagogastric Cancer|Esophageal Squamous Cell Carcinoma|Esophagus/Stomach|SOLID|541
782|SBMOV|LightBlue|3|Ovarian Cancer|Serous Borderline Ovarian Tumor, Micropapillary|Ovary/Fallopian Tube|SOLID|168
783|IMMC|HotPink|3|Breast Cancer|Breast Invasive Mixed Mucinous Carcinoma|Breast|SOLID|338
784|MS|LightSalmon|4|Leukemia|Myeloid Sarcoma|Myeloid|LIQUID|527
785|RAS|LightYellow|2|Soft Tissue Sarcoma|Radiation-Associated Sarcoma|Soft Tissue|SOLID|683
786|SBWDNET|SaddleBrown|3|Gastrointestinal Neuroendocrine Tumor|Small Bowel Well-Differentiated Neuroendocrine Tumor|Bowel|SOLID|399
787|MF|LightYellow|2|Soft Tissue Sarcoma|Myofibroma|Soft Tissue|SOLID|683
788|LIAS|MediumSeaGreen|2|Hepatobiliary Cancer|Liver Angiosarcoma|Liver|SOLID|567
789|AMLNPM1|LightSalmon|5|Leukemia|AML with Mutated NPM1|Myeloid|LIQUID|198
790|UCCC|PeachPuff|3|Endometrial Cancer|Uterine Clear Cell Carcinoma|Uterus|SOLID|687
791|AMLRUNX1RUNX1T1|LightSalmon|5|Leukemia|AML with t(8;21)(q22;q22.1);RUNX1-RUNX1T1|Myeloid|LIQUID|198
792|VYST|Purple|3|Germ Cell Tumor|Yolk Sac Tumor|Vulva/Vagina|SOLID|383
793|HPCCNS|Gray|3|CNS Cancer|Hemangiopericytoma of the Central Nervous System|CNS/Brain|SOLID|750
794|OUTT|PeachPuff|2|Endometrial Cancer|Other Uterine Tumor|Uterus|SOLID|629
795|IDCS|LightYellow|4|Soft Tissue Sarcoma|Interdigitating Dendritic Cell Sarcoma|Myeloid|LIQUID|352
796|LGNET|Gray|3|Miscellaneous Brain Tumor|Low-Grade Neuroepithelial Tumor|CNS/Brain|SOLID|587
797|PLEMESO|Blue|3|Mesothelioma|Pleural Mesothelioma, Epithelioid Type|Pleura|SOLID|379
798|HCCIHCH|MediumSeaGreen|2|Hepatobiliary Cancer|Hepatocellular Carcinoma plus Intrahepatic Cholangiocarcinoma|Liver|SOLID|567
799|BREAST|HotPink|1|Breast Cancer, NOS|Breast|Breast|SOLID|491
800|LIAD|MediumSeaGreen|2|Hepatobiliary Cancer|Hepatocellular Adenoma|Liver|SOLID|567
801|MDSMPNRST|LightSalmon|4|Myelodysplastic/Myeloproliferative Neoplasms|MDS/MPN with Ring Sideroblasts and Thrombocytosis|Myeloid|LIQUID|285
802|ETT|PeachPuff|3|Gestational Trophoblastic Disease|Epithelioid Trophoblastic Tumor|Uterus|SOLID|417
803|IMT|LightYellow|2|Soft Tissue Sarcoma|Inflammatory Myofibroblastic Tumor|Soft Tissue|SOLID|683
804|PDC|Black|3|Cancer of Unknown Primary|Poorly Differentiated Carcinoma, NOS|Other|SOLID|712
805|AMLRUNX1|LightSalmon|5|Leukemia|AML with Mutated RUNX1|Myeloid|LIQUID|198
806|PV|LightSalmon|4|Myeloproliferative Neoplasms|Polycythemia Vera|Myeloid|LIQUID|185
807|SBC|SaddleBrown|2|Small Bowel Cancer|Small Bowel Cancer|Bowel|SOLID|289
808|CAIS|SaddleBrown|3|Colorectal Cancer|Colon Adenocarcinoma In Situ|Bowel|SOLID|382
809|MXOV|LightBlue|3|Ovarian Cancer|Mixed Ovarian Carcinoma|Ovary/Fallopian Tube|SOLID|168
810|MUP|Black|3|Melanoma|Melanoma of Unknown Primary|Skin|SOLID|453
811|JSCB|HotPink|2|Breast Cancer|Juvenile Secretory Carcinoma of the Breast|Breast|SOLID|799
812|UCU|Yellow|3|Bladder Cancer|Urethral Urothelial Carcinoma|Bladder/Urinary Tract|SOLID|647
813|HGNES|LightSkyBlue|3|Gastrointestinal Neuroendocrine Tumors of the Esophagus/Stomach|High-Grade Neuroendocrine Carcinoma of the Stomach|Esophagus/Stomach|SOLID|331
814|ISM|LightSalmon|5|Mastocytosis|Indolent Systemic Mastocytosis|Myeloid|LIQUID|204
815|MATPL|LightSalmon|2|Blood Cancer, NOS|Myeloid Atypical|Myeloid|LIQUID|387
816|MPNST|Gray|3|Nerve Sheath Tumor|Malignant Peripheral Nerve Sheath Tumor|Peripheral Nervous System|SOLID|242
817|PTPR|Gray|3|Pineal Tumor|Papillary Tumor of the Pineal Region|CNS/Brain|SOLID|266
818|PCATCL|LimeGreen|5|Mature T and NK Neoplasms|Primary Cutaneous Acral CD8 Positive T-Cell Lymphoma|Lymphoid|LIQUID|243
819|PCFCL|LimeGreen|5|Mature B-Cell Neoplasms|Primary Cutaneous Follicle Center Lymphoma|Lymphoid|LIQUID|530
820|DA|SaddleBrown|3|Small Bowel Cancer|Duodenal Adenocarcinoma|Bowel|SOLID|807
821|CMML1|LightSalmon|5|Myelodysplastic/Myeloproliferative Neoplasms|Chronic Myelomonocytic Leukemia-1|Myeloid|LIQUID|224
822|ABL|LightSalmon|5|Leukemia|Acute Basophilic Leukemia|Myeloid|LIQUID|601
823|MYCHS|White|3|Bone Cancer|Myxoid Chondrosarcoma|Bone|SOLID|742
824|CCSK|Orange|2|Clear Cell Sarcoma of Kidney|Clear Cell Sarcoma of Kidney|Kidney|SOLID|431
825|MCS|HotPink|4|Breast Cancer|Metaplastic Carcinosarcoma|Breast|SOLID|776
826|PLBMESO|Blue|3|Mesothelioma|Pleural Mesothelioma, Biphasic Type|Pleura|SOLID|379
827|MYEC|DarkRed|3|Salivary Gland Cancer|Myoepithelial Carcinoma|Head and Neck|SOLID|522
828|MIDD|LimeGreen|5|Mature B-Cell Neoplasms|Monoclonal Immunoglobulin Deposition Diseases|Lymphoid|LIQUID|530
829|CEGCC|Teal|2|Cervical Cancer|Glassy Cell Carcinoma of the Cervix|Cervix|SOLID|80
830|CEMU|Teal|3|Cervical Cancer|Mucinous Carcinoma|Cervix|SOLID|159
831|MPNU|LightSalmon|4|Myeloproliferative Neoplasms|Myeloproliferative Neoplasms, Unclassifiable|Myeloid|LIQUID|185
832|EPMT|Gray|2|CNS Cancer|Ependymomal Tumor|CNS/Brain|SOLID|644
833|GCT|Gray|3|Sellar Tumor|Granular Cell Tumor|CNS/Brain|SOLID|26
834|PEOS|White|3|Bone Cancer|Periosteal Osteosarcoma|Bone|SOLID|631
835|ACML|LightSalmon|4|Myelodysplastic/Myeloproliferative Neoplasms|Atypical Chronic Myeloid Leukemia, BCR-ABL1-|Myeloid|LIQUID|285
836|SKAC|Black|2|Skin Cancer, Non-Melanoma|Skin Adnexal Carcinoma|Skin|SOLID|543
837|DCS|LightYellow|2|Soft Tissue Sarcoma|Dendritic Cell Sarcoma|Soft Tissue|SOLID|683
838|CCE|Gray|3|CNS Cancer|Clear Cell Ependymoma|CNS/Brain|SOLID|832
839|EMBC|HotPink|3|Breast Cancer|Epithelial Type Metaplastic Breast Cancer|Breast|SOLID|10
840|MDSRSMD|LightSalmon|5|Myelodysplastic Syndromes|MDS with Ring Sideroblasts and Multilineage Dysplasia|Myeloid|LIQUID|267
841|BCC|Black|2|Skin Cancer, Non-Melanoma|Basal Cell Carcinoma|Skin|SOLID|543
842|ISFN|LimeGreen|6|Mature B-Cell Neoplasms|In Situ Follicular Neoplasia|Lymphoid|LIQUID|286
843|UPECOMA|PeachPuff|3|Uterine Sarcoma|Uterine Perivascular Epithelioid Cell Tumor|Uterus|SOLID|114
844|MPRDS|LightSalmon|4|Leukemia|Myeloid Proliferations Related to Down Syndrome|Myeloid|LIQUID|527
845|SCRMS|LightYellow|3|Soft Tissue Sarcoma|Spindle Cell Rhabdomyosarcoma|Soft Tissue|SOLID|211
846|MCN|Purple|3|Pancreatic Cancer|Mucinous Cystic Neoplasm|Pancreas|SOLID|464
847|GCCAP|SaddleBrown|3|Appendiceal Cancer|Goblet Cell Carcinoid of the Appendix|Bowel|SOLID|566
848|AMBL|Gray|3|Embryonal Tumor|Large Cell/Anaplastic Medulloblastoma|CNS/Brain|SOLID|347
849|CHGL|Gray|3|Miscellaneous Neuroepithelial Tumor|Chordoid Glioma of the Third Ventricle|CNS/Brain|SOLID|420
850|RCC|Orange|2|Renal Cell Carcinoma|Renal Cell Carcinoma|Kidney|SOLID|431
851|MGUSIGM|LimeGreen|6|Mature B-Cell Neoplasms|IgM|Lymphoid|LIQUID|392
852|BRCANOS|HotPink|3|Breast Cancer|Breast Invasive Cancer, NOS|Breast|SOLID|338
853|VULVA|Purple|1|Vulvar/Vaginal Cancer, NOS|Vulva/Vagina|Vulva/Vagina|SOLID|491
854|SSRCC|LightSkyBlue|4|Esophagogastric Cancer|Signet Ring Cell Carcinoma of the Stomach|Esophagus/Stomach|SOLID|256
855|DASTR|Gray|3|Glioma|Diffuse Astrocytoma|CNS/Brain|SOLID|619
856|MSTAD|LightSkyBlue|4|Esophagogastric Cancer|Mucinous Stomach Adenocarcinoma|Esophagus/Stomach|SOLID|620
857|ETPLL|LimeGreen|4|T-Lymphoblastic Leukemia/Lymphoma|Early T-Cell Precursor Lymphoblastic Leukemia|Lymphoid|LIQUID|293
858|PTES|LightYellow|3|Soft Tissue Sarcoma|Proximal-Type Epithelioid Sarcoma|Soft Tissue|SOLID|598
859|PPM|Gray|3|CNS Cancer|Papillary Meningioma|CNS/Brain|SOLID|750
860|VSC|Purple|2|Vaginal Cancer|Squamous Cell Carcinoma of the Vulva/Vagina|Vulva/Vagina|SOLID|853
861|OOVC|LightBlue|2|Ovarian Cancer|Ovarian Cancer, Other|Ovary/Fallopian Tube|SOLID|557
862|LCH|LightSalmon|4|Histiocytosis|Langerhans Cell Histiocytosis|Myeloid|LIQUID|352
863|PSEC|Green|2|Peritoneal Cancer, NOS|Peritoneal Serous Carcinoma|Peritoneum|SOLID|129
864|AM|LightSalmon|5|Leukemia|AML with Maturation|Myeloid|LIQUID|601
865||Gray|0|Embryonal Tumor||CNS/Brain|SOLID|
866||LimeGreen|0|Mature B-Cell Neoplasms||Lymphoid|LIQUID|
867||DarkRed|0|Head and Neck Cancer||Head and Neck|SOLID|
868||White|0|Bone Cancer||Bone|SOLID|
869||LightSalmon|0|Leukemia||Myeloid|LIQUID|
870||LightYellow|0|Soft Tissue Sarcoma||MIXED|MIXED|
871||MIXED|0|Sex Cord Stromal Tumor||MIXED|SOLID|
872||LimeGreen|0|Mature T and NK Neoplasms||Lymphoid|LIQUID|
873||HotPink|0|Breast Cancer||Breast|SOLID|
874||MIXED|0|Gastrointestinal Neuroendocrine Tumor||MIXED|SOLID|
875||Orange|0|Renal Cell Carcinoma||Kidney|SOLID|
876||Gainsboro|0|Non-Small Cell Lung Cancer||Lung|SOLID|
877||DarkRed|0|Sialoblastoma||Head and Neck|SOLID|
878||Teal|0|Cervical Cancer||Cervix|SOLID|
879||Gray|0|Sellar Tumor||CNS/Brain|SOLID|
880||LightBlue|0|Ovarian Cancer||Ovary/Fallopian Tube|SOLID|
881||Green|0|Lacrimal Gland Tumor||Eye|SOLID|
882||Gray|0|Glioma||CNS/Brain|SOLID|
883||Black|0|Skin Cancer, Non-Melanoma||Skin|SOLID|
884||PeachPuff|0|Endometrial Cancer||Uterus|SOLID|
885||LimeGreen|0|Lymphatic Cancer, NOS||Lymphoid|LIQUID|
886||SaddleBrown|0|Appendiceal Cancer||Bowel|SOLID|
887||Black|0|Cancer of Unknown Primary||Other|SOLID|
888||Purple|0|Adrenal Gland Cancer, NOS||Adrenal Gland|SOLID|
889||Gray|0|CNS Cancer||CNS/Brain|SOLID|
890||MIXED|0|Mesothelioma||MIXED|SOLID|
891||LightSalmon|0|Myeloproliferative Neoplasms||Myeloid|LIQUID|
892||LimeGreen|0|B-Lymphoblastic Leukemia/Lymphoma||Lymphoid|LIQUID|
893||MIXED|0|Melanoma||MIXED|SOLID|
894||MIXED|0|Germ Cell Tumor||MIXED|SOLID|
895||Gainsboro|0|Small Cell Lung Cancer||Lung|SOLID|
896||LimeGreen|0|Posttransplant Lymphoproliferative Disorders||Lymphoid|LIQUID|
897||MIXED|0|Hepatobiliary Cancer||MIXED|SOLID|
898||Teal|0|Thyroid Cancer||Thyroid|SOLID|
899||Purple|0|Pancreatic Cancer||Pancreas|SOLID|
900||Yellow|0|Bladder Cancer||Bladder/Urinary Tract|SOLID|
901||Gray|0|Nerve Sheath Tumor||Peripheral Nervous System|SOLID|
902||Teal|0|Cervical Cancer, NOS||Cervix|SOLID|
903||SaddleBrown|0|Small Bowel Cancer||Bowel|SOLID|
904||LimeGreen|0|Hodgkin Lymphoma||Lymphoid|LIQUID|
905||DarkRed|0|Salivary Gland Cancer||Head and Neck|SOLID|
906||Blue|0|Penile Cancer||Penis|SOLID|
907||Gray|0|Primary CNS Melanocytic Tumors||CNS/Brain|SOLID|
908||LightSalmon|0|Myelodysplastic Syndromes||Myeloid|LIQUID|
909||Purple|0|Ampullary Carcinoma, NOS||Ampulla of Vater|SOLID|
910||Yellow|0|Bladder/Urinary Tract Cancer, NOS||Bladder/Urinary Tract|SOLID|
911||PeachPuff|0|Uterine Sarcoma||Uterus|SOLID|
912||LightSalmon|0|Blood Cancer, NOS||Myeloid|LIQUID|
913||Gray|0|Miscellaneous Neuroepithelial Tumor||MIXED|SOLID|
914||Green|0|Peritoneal Cancer, NOS||Peritoneum|SOLID|
915||SaddleBrown|0|Tubular Adenoma of the Colon||Bowel|SOLID|
916||LightSalmon|0|Mastocytosis||Myeloid|LIQUID|
917||LightSalmon|0|Myelodysplastic/Myeloproliferative Neoplasms||Myeloid|LIQUID|
918||SaddleBrown|0|Anal Cancer||Bowel|SOLID|
919||Orange|0|Rhabdoid Cancer||Kidney|SOLID|
920||Gray|0|Melanocytoma||CNS/Brain|SOLID|
921||Gray|0|Pineal Tumor||CNS/Brain|SOLID|
922||Gray|0|Miscellaneous Brain Tumor||CNS/Brain|SOLID|
923||LightYellow|0|Infantile Fibrosarcoma||Soft Tissue|SOLID|
924||Gray|0|Peripheral Nervous System Cancer, NOS||Peripheral Nervous System|SOLID|
925||Purple|0|Vulvar Carcinoma||Vulva/Vagina|SOLID|
926||Purple|0|Vaginal Cancer||Vulva/Vagina|SOLID|
927||Gray|0|Peripheral Nervous System||Peripheral Nervous System|SOLID|
928||Purple|0|Thymic Tumor||Thymus|SOLID|
929||Green|0|Retinoblastoma||Eye|SOLID|
930||PeachPuff|0|Gestational Trophoblastic Disease||Uterus|SOLID|
931||LightYellow|0|Angiomatoid Fibrous Histiocytoma||Soft Tissue|SOLID|
932||Purple|0|Ampullary Cancer||Ampulla of Vater|SOLID|
933||LightSkyBlue|0|Esophagogastric Cancer||Esophagus/Stomach|SOLID|
934||LightSalmon|0|Histiocytosis||Myeloid|LIQUID|
935||SaddleBrown|0|Colorectal Cancer||Bowel|SOLID|
936||Cyan|0|Prostate Cancer||Prostate|SOLID|
937||Green|0|Eye Cancer, NOS||Eye|SOLID|
938||DarkRed|0|Parathyroid Cancer||Head and Neck|SOLID|
939||SaddleBrown|0|Bowel Cancer, NOS||Bowel|SOLID|
940||Orange|0|Wilms Tumor||Kidney|SOLID|
941||LimeGreen|0|T-Lymphoblastic Leukemia/Lymphoma||Lymphoid|LIQUID|
942||DarkRed|0|Head and Neck Cancer, NOS||Head and Neck|SOLID|
943||Purple|0|Pheochromocytoma||Adrenal Gland|SOLID|
944||Cyan|0|Prostate Cancer, NOS||Prostate|SOLID|
945||White|0|Bone Cancer, NOS||Bone|SOLID|
946||Green|0|Biliary Tract Cancer, NOS||Biliary Tract|SOLID|
947||MIXED|0|Non-Hodgkin Lymphoma||MIXED|MIXED|
948||MediumSeaGreen|0|Malignant Rhabdoid Tumor of the Liver||Liver|SOLID|
949||Black|0|Adenocarcinoma In Situ||Other|SOLID|
950||Orange|0|Kidney Cancer, NOS||Kidney|SOLID|
951||LightYellow|0|Myofibromatosis||Soft Tissue|SOLID|
952||HotPink|0|Breast Sarcoma||Breast|SOLID|
953||LightYellow|0|Malignant Glomus Tumor||Soft Tissue|SOLID|
954||Gray|0|Choroid Plexus Tumor||CNS/Brain|SOLID|
955||LightSkyBlue|0|Gastrointestinal Neuroendocrine Tumors of the Esophagus/Stomach||Esophagus/Stomach|SOLID|
956||LightSalmon|0|Blastic Plasmacytoid Dendritic Cell Neoplasm||Myeloid|LIQUID|
957||Gainsboro|0|Lung Cancer, NOS||Lung|SOLID|
958||Purple|0|Pancreatic Cancer, NOS||Pancreas|SOLID|
959||LightSkyBlue|0|Esophageal/Stomach Cancer, NOS||Esophagus/Stomach|SOLID|
960||Black|0|Skin Cancer, NOS||Skin|SOLID|
961||LightBlue|0|Ovarian/Fallopian Tube Cancer, NOS||Ovary/Fallopian Tube|SOLID|
962||MediumSeaGreen|0|Liver Cancer, NOS||Liver|SOLID|
963||LightSalmon|0|Myeloid Neoplasms with Germ Line Predisposition||Myeloid|LIQUID|
964||Purple|0|Adrenocortical Adenoma||Adrenal Gland|SOLID|
965||Red|0|Testicular Cancer, NOS||Testis|SOLID|
966||MediumSeaGreen|0|Undifferentiated Embryonal Sarcoma of the Liver||Liver|SOLID|
967||PeachPuff|0|Uterine Cancer, NOS||Uterus|SOLID|
968||LightYellow|0|Gastrointestinal Stromal Tumor||Soft Tissue|SOLID|
969||Gray|0|CNS/Brain Cancer, NOS||CNS/Brain|SOLID|
970||Teal|0|Thyroid Cancer, NOS||Thyroid|SOLID|
971||LightYellow|0|Soft Tissue Cancer||Soft Tissue|SOLID|
972||LightYellow|0|Soft Tissue Cancer, NOS||Soft Tissue|SOLID|
973||Purple|0|Thymic Cancer, NOS||Thymus|SOLID|
974||Purple|0|Adrenocortical Carcinoma||Adrenal Gland|SOLID|
975||Blue|0|Pleural Cancer, NOS||Pleura|SOLID|
976||Black|0|Other Cancer, NOS||Other|SOLID|
977||Orange|0|Renal Neuroendocrine Tumor||Kidney|SOLID|
978||Blue|0|Penile Cancer, NOS||Penis|SOLID|
979||HotPink|0|Breast Cancer, NOS||Breast|SOLID|
980||Orange|0|Clear Cell Sarcoma of Kidney||Kidney|SOLID|
981||Purple|0|Vulvar/Vaginal Cancer, NOS||Vulva/Vagina|SOLID|
982|||-1|All Tumors|||MIXED|
983|||-1|All Liquid Tumors|||LIQUID|
984|||-1|All Solid Tumors|||SOLID|
985|||-1|Germline Disposition|||MIXED|
986|||-1|Other Tumor Types|||MIXED|
987|||-1|Other Solid Tumor Types|||SOLID|
988|||-1|Other Liquid Tumor Types|||LIQUID|
